Date,HomeTeam,AwayTeam,FTR,HS,AS,HST,AST,HF,AF,HC,AC,HY,AY,HR,AR
2021-08-13,Brentford,Arsenal,H,8,22,3,4,12,8,2,5,0,0,0,0
2021-08-14,Man United,Leeds,H,16,10,8,3,11,9,5,4,1,2,0,0
2021-08-14,Burnley,Brighton,A,14,14,3,8,10,7,7,6,2,1,0,0
2021-08-14,Chelsea,Crystal Palace,H,13,4,6,1,15,11,5,2,0,0,0,0
2021-08-14,Everton,Southampton,H,14,6,6,3,13,15,6,8,2,0,0,0
2021-08-14,Leicester,Wolves,H,9,17,5,3,6,10,5,4,1,2,0,0
2021-08-14,Watford,Aston Villa,H,13,11,7,2,18,13,2,4,3,1,0,0
2021-08-14,Norwich,Liverpool,A,14,19,3,8,4,14,3,11,1,1,0,0
2021-08-15,Tottenham,Man City,H,13,18,3,4,11,8,3,11,2,1,0,0
2021-08-15,Newcastle,West Ham,A,17,8,3,9,4,3,7,6,1,0,0,0
2021-08-21,Aston Villa,Newcastle,H,10,9,2,1,8,18,3,4,3,4,0,0
2021-08-21,Crystal Palace,Brentford,D,7,14,2,3,12,9,3,5,3,1,0,0
2021-08-21,Leeds,Everton,D,17,17,4,8,6,13,8,5,2,4,0,0
2021-08-21,Man City,Norwich,H,16,1,4,0,13,7,6,1,1,0,0,0
2021-08-21,Brighton,Watford,H,13,10,3,1,11,6,7,2,4,0,0,0
2021-08-21,Liverpool,Burnley,H,27,9,9,3,6,12,8,4,0,0,0,0
2021-08-22,Southampton,Man United,D,8,15,3,4,12,10,7,7,2,3,0,0
2021-08-22,Wolves,Tottenham,A,25,8,6,6,9,7,5,4,1,4,0,0
2021-08-22,Arsenal,Chelsea,A,6,22,3,5,10,4,9,8,3,0,0,0
2021-08-23,West Ham,Leicester,H,13,5,7,1,8,8,10,0,0,1,0,1
2021-08-28,Liverpool,Chelsea,D,24,6,7,3,13,4,12,3,0,2,0,1
2021-08-28,West Ham,Crystal Palace,D,14,9,4,2,10,7,5,3,1,0,0,0
2021-08-28,Brighton,Everton,A,14,14,3,5,7,9,4,5,1,2,0,0
2021-08-28,Newcastle,Southampton,D,10,22,5,6,11,6,4,4,3,3,0,0
2021-08-28,Aston Villa,Brentford,D,7,9,5,2,15,14,3,2,3,3,0,0
2021-08-28,Man City,Arsenal,H,25,1,10,0,5,7,14,0,1,2,0,1
2021-08-28,Norwich,Leicester,A,14,9,4,3,8,9,9,9,2,1,0,0
2021-08-29,Burnley,Leeds,D,12,12,3,2,13,9,5,5,4,3,0,0
2021-08-29,Tottenham,Watford,H,15,9,8,2,8,14,10,3,3,3,0,0
2021-08-29,Wolves,Man United,A,15,10,6,3,7,9,5,7,3,4,0,0
2021-09-11,Watford,Wolves,A,6,14,2,5,15,13,6,8,3,3,0,0
2021-09-11,Chelsea,Aston Villa,H,12,18,4,6,11,11,4,11,1,4,0,0
2021-09-11,Southampton,West Ham,D,11,13,3,3,10,12,5,4,3,1,0,1
2021-09-11,Brentford,Brighton,A,7,4,1,2,9,12,1,6,3,2,0,0
2021-09-11,Leicester,Man City,A,6,25,1,8,4,11,5,8,1,2,0,0
2021-09-11,Crystal Palace,Tottenham,H,18,2,4,1,13,15,8,2,2,1,0,1
2021-09-11,Arsenal,Norwich,H,30,10,7,1,9,11,8,4,1,2,0,0
2021-09-11,Man United,Newcastle,H,21,12,7,3,9,2,7,3,1,0,0,0
2021-09-12,Leeds,Liverpool,A,9,30,4,9,9,8,2,11,2,1,1,0
2021-09-13,Everton,Burnley,H,14,11,6,6,3,6,4,6,1,1,0,0
2021-09-17,Newcastle,Leeds,D,17,22,7,9,9,11,4,5,2,2,0,0
2021-09-18,Aston Villa,Everton,H,15,11,3,1,7,10,5,4,1,1,0,0
2021-09-18,Norwich,Watford,A,12,12,5,8,10,14,4,8,1,1,0,0
2021-09-18,Man City,Southampton,D,18,10,1,2,5,12,8,5,0,2,0,0
2021-09-18,Burnley,Arsenal,A,18,13,3,3,9,8,8,3,2,1,0,0
2021-09-18,Wolves,Brentford,A,11,9,0,3,10,7,4,2,4,2,0,1
2021-09-18,Liverpool,Crystal Palace,H,25,13,10,2,17,11,10,5,3,1,0,0
2021-09-19,Brighton,Leicester,H,12,14,5,3,8,10,4,9,2,1,0,0
2021-09-19,West Ham,Man United,A,13,17,4,10,5,8,2,11,0,0,0,0
2021-09-19,Tottenham,Chelsea,A,8,20,2,10,4,15,5,11,0,1,0,0
2021-09-25,Brentford,Liverpool,D,12,16,4,6,8,7,2,11,1,1,0,0
2021-09-25,Watford,Newcastle,D,15,20,4,6,19,12,5,6,4,3,0,0
2021-09-25,Everton,Norwich,H,11,10,4,2,12,9,6,4,2,3,0,0
2021-09-25,Leeds,West Ham,A,15,20,5,7,10,6,5,7,3,2,0,0
2021-09-25,Man United,Aston Villa,A,28,7,4,3,9,13,5,5,2,2,0,0
2021-09-25,Leicester,Burnley,D,22,9,5,3,10,8,8,4,2,4,0,0
2021-09-25,Chelsea,Man City,A,5,15,0,4,12,10,4,13,3,2,0,0
2021-09-26,Arsenal,Tottenham,H,12,10,7,4,12,13,4,4,2,1,0,0
2021-09-26,Southampton,Wolves,A,18,5,6,3,12,8,5,5,0,0,0,0
2021-09-27,Crystal Palace,Brighton,D,8,8,3,4,12,10,6,5,2,3,0,0
2021-10-02,Man United,Everton,D,13,12,6,2,10,9,10,1,1,1,0,0
2021-10-02,Burnley,Norwich,D,14,10,4,2,13,3,9,5,5,2,0,0
2021-10-02,Chelsea,Southampton,H,20,6,9,2,11,13,7,2,1,3,0,1
2021-10-02,Leeds,Watford,H,20,5,4,1,10,16,6,3,0,3,0,0
2021-10-02,Brighton,Arsenal,D,21,8,2,2,8,5,8,5,2,1,0,0
2021-10-02,Wolves,Newcastle,H,7,8,3,2,15,5,0,4,0,2,0,0
2021-10-03,Crystal Palace,Leicester,D,18,9,4,5,15,11,1,3,2,3,0,0
2021-10-03,Tottenham,Aston Villa,H,17,14,8,3,11,14,5,8,2,1,0,0
2021-10-03,West Ham,Brentford,A,18,13,5,6,16,13,11,6,2,3,0,0
2021-10-03,Liverpool,Man City,D,6,12,4,3,10,12,3,4,3,3,0,0
2021-10-16,Southampton,Leeds,H,19,3,5,0,16,14,8,1,2,3,0,0
2021-10-16,Brentford,Chelsea,A,17,5,7,1,13,8,5,5,1,1,0,0
2021-10-16,Norwich,Brighton,D,15,11,3,3,5,14,8,4,3,5,0,0
2021-10-16,Leicester,Man United,H,22,18,11,6,5,17,4,3,0,3,0,0
2021-10-16,Aston Villa,Wolves,A,14,9,5,4,8,17,6,7,2,3,0,0
2021-10-16,Watford,Liverpool,A,6,19,2,8,4,10,1,9,0,0,0,0
2021-10-16,Man City,Burnley,H,15,7,6,2,11,5,6,2,1,0,0,0
2021-10-17,Everton,West Ham,A,15,16,2,4,3,3,7,9,0,2,0,0
2021-10-17,Newcastle,Tottenham,A,7,14,1,4,13,4,2,9,4,1,1,0
2021-10-18,Arsenal,Crystal Palace,D,17,9,6,6,7,4,6,4,1,1,0,0
2021-10-22,Arsenal,Aston Villa,H,22,10,9,4,17,10,7,4,2,5,0,0
2021-10-23,Brighton,Man City,A,10,23,5,14,10,6,7,6,2,3,0,0
2021-10-23,Southampton,Burnley,D,16,9,4,5,10,11,6,2,1,3,0,0
2021-10-23,Leeds,Wolves,D,18,8,4,4,15,14,6,3,2,3,0,0
2021-10-23,Crystal Palace,Newcastle,D,15,6,3,2,13,9,3,7,3,4,0,0
2021-10-23,Chelsea,Norwich,H,23,3,13,1,14,16,5,0,0,2,0,1
2021-10-23,Everton,Watford,A,15,20,4,8,9,13,3,5,4,3,0,0
2021-10-24,Brentford,Leicester,A,15,10,5,6,13,7,9,2,1,1,0,0
2021-10-24,West Ham,Tottenham,H,13,7,4,4,11,4,2,4,2,1,0,0
2021-10-24,Man United,Liverpool,A,12,19,4,8,10,8,6,3,6,0,1,0
2021-10-30,Watford,Southampton,A,10,12,4,1,16,6,5,8,2,2,0,0
2021-10-30,Newcastle,Chelsea,A,6,19,1,6,14,12,0,2,3,2,0,0
2021-10-30,Tottenham,Man United,A,9,10,0,4,12,14,10,2,2,3,0,0
2021-10-30,Liverpool,Brighton,D,14,9,3,6,8,5,5,3,2,2,0,0
2021-10-30,Leicester,Arsenal,A,16,9,8,5,8,11,7,6,2,0,0,0
2021-10-30,Burnley,Brentford,H,15,12,6,5,7,10,4,2,1,1,0,0
2021-10-30,Man City,Crystal Palace,A,14,8,3,3,11,11,7,1,2,3,1,0
2021-10-31,Norwich,Leeds,A,14,13,3,6,14,23,5,0,1,4,0,0
2021-10-31,Aston Villa,West Ham,A,9,21,3,9,7,13,3,6,1,2,1,0
2021-11-01,Wolves,Everton,H,10,14,4,5,10,8,4,3,1,1,0,0
2021-11-05,Southampton,Aston Villa,H,9,14,3,3,12,12,10,8,2,2,0,0
2021-11-06,Chelsea,Burnley,D,25,5,4,2,6,9,14,2,1,4,0,0
2021-11-06,Brentford,Norwich,A,19,9,7,5,12,13,6,2,2,3,0,0
2021-11-06,Man United,Man City,A,5,16,1,5,9,12,1,9,1,2,0,0
2021-11-06,Brighton,Newcastle,D,14,6,5,1,16,10,2,5,3,4,1,0
2021-11-06,Crystal Palace,Wolves,H,13,4,6,2,14,13,4,6,2,1,0,0
2021-11-07,West Ham,Liverpool,H,7,16,3,5,11,6,3,2,1,1,0,0
2021-11-07,Arsenal,Watford,H,14,7,6,1,6,19,4,2,4,2,0,1
2021-11-07,Everton,Tottenham,D,12,8,2,0,13,17,4,2,2,4,1,0
2021-11-07,Leeds,Leicester,D,18,9,5,3,12,5,10,5,1,1,0,0
2021-11-20,Leicester,Chelsea,A,4,16,3,7,15,8,3,5,3,1,0,0
2021-11-20,Aston Villa,Brighton,H,9,6,5,2,7,13,5,7,3,3,0,0
2021-11-20,Burnley,Crystal Palace,D,15,18,9,8,14,15,3,6,2,3,0,0
2021-11-20,Newcastle,Brentford,D,23,10,9,4,13,11,8,2,2,2,0,0
2021-11-20,Watford,Man United,H,20,9,7,3,7,5,9,3,2,1,0,1
2021-11-20,Wolves,West Ham,H,15,8,5,3,6,9,7,3,1,1,0,0
2021-11-20,Liverpool,Arsenal,H,19,5,9,3,15,12,6,1,2,0,0,0
2021-11-20,Norwich,Southampton,H,8,17,4,5,8,9,5,7,3,2,0,0
2021-11-21,Man City,Everton,H,17,4,7,1,5,7,7,1,1,1,0,0
2021-11-21,Tottenham,Leeds,H,13,18,4,7,11,12,4,8,1,4,0,0
2021-11-27,Brighton,Leeds,D,20,11,4,4,12,14,6,1,1,3,0,0
2021-11-27,Norwich,Wolves,D,14,5,4,2,11,10,4,3,2,2,0,0
2021-11-27,Crystal Palace,Aston Villa,A,8,10,3,3,12,10,7,3,3,3,0,0
2021-11-27,Arsenal,Newcastle,H,24,9,6,5,6,12,4,4,1,3,0,0
2021-11-27,Liverpool,Southampton,H,20,7,6,3,7,14,5,7,0,1,0,0
2021-11-28,Man City,West Ham,H,19,5,9,3,7,6,8,4,2,0,0,0
2021-11-28,Chelsea,Man United,D,24,3,6,2,13,14,15,2,2,5,0,0
2021-11-28,Brentford,Everton,H,6,14,4,5,8,11,3,3,4,3,0,0
2021-11-28,Leicester,Watford,H,18,16,8,5,5,19,8,6,0,0,0,0
2021-11-30,Newcastle,Norwich,D,9,16,1,6,8,11,2,5,0,0,0,1
2021-11-30,Leeds,Crystal Palace,H,15,9,3,1,15,15,7,4,5,3,0,0
2021-12-01,Southampton,Leicester,D,15,15,7,6,14,11,2,4,1,3,0,0
2021-12-01,West Ham,Brighton,D,14,9,6,3,10,8,9,5,1,1,0,0
2021-12-01,Wolves,Burnley,D,16,6,2,1,5,7,5,5,2,3,0,0
2021-12-01,Aston Villa,Man City,A,9,17,3,7,8,12,4,11,0,0,0,0
2021-12-01,Everton,Liverpool,A,8,16,2,7,8,16,3,11,4,3,0,0
2021-12-01,Watford,Chelsea,A,13,8,6,4,18,16,6,0,4,3,0,0
2021-12-02,Tottenham,Brentford,H,11,6,6,2,13,11,11,5,0,0,0,0
2021-12-02,Man United,Arsenal,H,14,17,10,8,9,10,3,8,1,0,0,0
2021-12-04,Watford,Man City,A,11,26,4,13,10,7,5,11,3,0,0,0
2021-12-04,Wolves,Liverpool,A,3,17,1,5,4,7,2,8,2,2,0,0
2021-12-04,Newcastle,Burnley,H,19,10,4,1,11,9,10,3,1,1,0,0
2021-12-04,Southampton,Brighton,D,14,14,4,4,15,12,6,2,4,2,0,0
2021-12-04,West Ham,Chelsea,H,11,19,5,7,10,10,1,9,1,3,0,0
2021-12-05,Aston Villa,Leicester,H,13,12,4,5,8,25,3,6,1,1,0,0
2021-12-05,Tottenham,Norwich,H,17,10,7,1,11,4,6,4,1,2,0,0
2021-12-05,Man United,Crystal Palace,H,16,8,3,2,16,9,9,6,2,2,0,0
2021-12-05,Leeds,Brentford,D,13,9,6,3,11,9,5,1,5,3,0,0
2021-12-06,Everton,Arsenal,H,11,10,5,3,8,12,3,3,2,2,0,0
2021-12-10,Brentford,Watford,H,14,6,5,2,12,18,8,2,4,0,0,0
2021-12-11,Arsenal,Southampton,H,15,11,5,6,5,9,9,8,2,0,0,0
2021-12-11,Chelsea,Leeds,H,16,12,6,5,9,15,5,2,2,5,0,0
2021-12-11,Liverpool,Aston Villa,H,20,4,5,0,13,6,11,3,1,2,0,0
2021-12-11,Norwich,Man United,A,11,13,5,5,6,17,8,6,1,1,0,0
2021-12-11,Man City,Wolves,H,24,2,10,1,12,5,14,1,3,2,0,1
2021-12-12,Crystal Palace,Everton,H,17,12,6,6,15,14,8,2,0,2,0,0
2021-12-12,Burnley,West Ham,D,9,16,1,3,13,11,6,4,2,1,0,0
2021-12-12,Leicester,Newcastle,H,8,12,5,3,9,16,4,6,2,3,0,0
2021-12-14,Norwich,Aston Villa,A,7,17,3,6,12,9,7,10,3,1,0,0
2021-12-14,Man City,Leeds,H,31,6,15,3,5,9,6,2,1,1,0,0
2021-12-15,Brighton,Wolves,A,12,8,2,5,11,14,7,4,2,0,0,0
2021-12-15,Crystal Palace,Southampton,D,9,15,6,4,16,20,4,6,2,4,0,0
2021-12-15,Arsenal,West Ham,H,21,7,8,1,8,9,5,2,2,0,0,1
2021-12-16,Chelsea,Everton,D,23,5,10,3,11,11,7,1,2,3,0,0
2021-12-16,Liverpool,Newcastle,H,23,4,8,2,9,4,11,0,1,3,0,0
2021-12-18,Leeds,Arsenal,A,9,21,2,12,11,7,1,4,3,1,0,0
2021-12-19,Newcastle,Man City,A,5,18,1,7,9,6,3,6,1,2,0,0
2021-12-19,Wolves,Chelsea,D,4,8,1,1,9,7,4,9,0,2,0,0
2021-12-19,Tottenham,Liverpool,D,10,18,5,6,12,11,6,4,4,4,0,1
2021-12-26,Brighton,Brentford,H,15,16,5,6,8,10,6,9,1,3,0,0
2021-12-26,Aston Villa,Chelsea,A,8,10,1,4,8,11,2,5,3,1,0,0
2021-12-26,Man City,Leicester,H,17,14,9,8,11,9,14,4,1,2,0,0
2021-12-26,Tottenham,Crystal Palace,H,17,4,6,0,16,10,4,2,1,1,0,1
2021-12-26,West Ham,Southampton,A,11,11,5,6,10,9,10,2,2,3,0,0
2021-12-26,Norwich,Arsenal,A,4,16,2,6,13,7,3,5,1,2,0,0
2021-12-27,Newcastle,Man United,D,13,13,8,4,11,8,2,4,3,3,0,0
2021-12-28,Leicester,Liverpool,H,6,21,1,4,8,11,1,12,0,1,0,0
2021-12-28,Southampton,Tottenham,D,9,21,2,11,15,5,3,7,2,2,1,0
2021-12-28,Crystal Palace,Norwich,H,19,12,6,3,9,13,8,8,1,2,0,0
2021-12-28,Watford,West Ham,A,14,13,5,6,12,12,4,5,0,1,0,0
2021-12-29,Chelsea,Brighton,D,11,18,5,6,14,7,10,8,4,1,0,0
2021-12-29,Brentford,Man City,A,6,12,2,3,12,10,3,5,0,0,0,0
2021-12-30,Man United,Burnley,H,18,10,6,3,5,10,7,5,0,0,0,0
2022-01-01,Arsenal,Man City,A,7,15,2,2,13,5,5,5,3,2,1,0
2022-01-01,Watford,Tottenham,A,6,21,4,9,6,9,3,7,0,1,0,0
2022-01-01,Crystal Palace,West Ham,A,22,10,6,5,6,16,9,1,0,2,0,0
2022-01-02,Leeds,Burnley,H,22,8,7,2,11,7,9,3,2,1,0,0
2022-01-02,Brentford,Aston Villa,H,10,16,4,5,17,11,3,7,2,2,0,0
2022-01-02,Everton,Brighton,A,17,12,6,5,5,12,8,5,1,1,0,0
2022-01-02,Chelsea,Liverpool,D,15,10,6,6,5,13,6,7,1,2,0,0
2022-01-03,Man United,Wolves,A,9,19,2,6,9,8,3,8,3,1,0,0
2022-01-11,Southampton,Brentford,H,12,5,6,4,9,8,5,2,0,1,0,0
2022-01-12,West Ham,Norwich,H,13,7,5,3,9,8,11,2,0,0,0,0
2022-01-14,Brighton,Crystal Palace,D,19,3,4,1,11,7,9,0,0,2,0,0
2022-01-15,Aston Villa,Man United,D,13,13,9,6,8,13,3,6,1,2,0,0
2022-01-15,Man City,Chelsea,H,11,4,6,1,11,6,9,1,0,2,0,0
2022-01-15,Norwich,Everton,H,14,12,3,5,12,14,8,8,3,1,0,0
2022-01-15,Newcastle,Watford,D,12,18,1,5,13,13,4,6,3,2,0,0
2022-01-15,Wolves,Southampton,H,9,13,5,10,13,14,2,10,2,3,0,0
2022-01-16,West Ham,Leeds,A,15,18,5,5,6,9,4,3,3,2,0,0
2022-01-16,Liverpool,Brentford,H,27,6,13,1,6,6,9,0,0,1,0,0
2022-01-18,Brighton,Chelsea,D,10,15,2,3,8,5,5,7,1,2,0,0
2022-01-19,Leicester,Tottenham,A,14,27,4,10,6,12,3,8,1,2,0,0
2022-01-19,Brentford,Man United,A,18,13,8,5,7,9,6,9,0,0,0,0
2022-01-21,Watford,Norwich,A,15,7,4,2,16,11,5,1,0,1,1,0
2022-01-22,Everton,Aston Villa,A,15,8,1,3,14,16,9,2,5,3,0,0
2022-01-22,Brentford,Wolves,A,11,7,1,2,6,7,6,3,2,3,0,0
2022-01-22,Leeds,Newcastle,A,13,15,4,3,9,9,6,7,4,2,0,0
2022-01-22,Man United,West Ham,H,18,6,3,1,9,8,3,3,1,1,0,0
2022-01-22,Southampton,Man City,D,7,20,3,5,13,5,2,11,3,0,0,0
2022-01-23,Chelsea,Tottenham,H,15,6,7,3,17,14,10,3,2,1,0,0
2022-01-23,Arsenal,Burnley,D,20,10,5,1,9,13,12,4,0,2,0,0
2022-01-23,Crystal Palace,Liverpool,A,8,15,5,7,12,10,2,5,4,1,0,0
2022-01-23,Leicester,Brighton,D,15,14,5,5,6,8,4,5,0,1,0,0
2022-02-05,Burnley,Watford,D,13,11,2,5,16,9,4,7,1,2,0,0
2022-02-08,Newcastle,Everton,H,20,11,9,3,13,13,6,2,2,3,0,0
2022-02-08,West Ham,Watford,H,9,6,3,1,1,6,5,6,1,0,0,0
2022-02-08,Burnley,Man United,D,9,22,3,5,11,10,2,10,2,1,0,0
2022-02-09,Aston Villa,Leeds,D,12,16,4,8,11,9,6,11,1,3,1,0
2022-02-09,Norwich,Crystal Palace,D,5,13,1,5,11,15,4,6,1,2,0,0
2022-02-09,Man City,Brentford,H,15,6,7,2,7,13,9,3,0,0,0,0
2022-02-09,Tottenham,Southampton,A,8,23,3,10,7,13,2,8,2,3,0,0
2022-02-10,Liverpool,Leicester,H,22,5,11,1,11,7,7,6,1,0,0,0
2022-02-10,Wolves,Arsenal,A,15,12,4,2,12,13,7,4,2,3,0,1
2022-02-12,Man United,Southampton,D,12,13,8,4,12,13,1,4,4,0,0,0
2022-02-12,Brentford,Crystal Palace,D,9,6,2,3,10,10,3,9,1,0,0,0
2022-02-12,Everton,Leeds,H,21,7,10,0,8,9,5,3,1,1,0,0
2022-02-12,Watford,Brighton,A,9,11,1,6,16,9,4,5,3,2,0,0
2022-02-12,Norwich,Man City,A,8,22,3,9,7,8,4,12,0,2,0,0
2022-02-13,Burnley,Liverpool,A,8,12,5,4,7,6,5,8,0,1,0,0
2022-02-13,Newcastle,Aston Villa,H,10,11,2,1,22,15,3,6,3,4,0,0
2022-02-13,Tottenham,Wolves,A,17,11,7,7,13,13,7,3,3,1,0,0
2022-02-13,Leicester,West Ham,D,13,8,2,3,10,9,5,4,1,2,0,0
2022-02-15,Man United,Brighton,H,19,10,7,3,8,10,10,2,3,1,0,1
2022-02-19,Liverpool,Norwich,H,29,6,8,1,7,8,9,4,0,1,0,0
2022-02-19,Crystal Palace,Chelsea,A,7,9,0,3,4,20,4,4,1,3,0,0
2022-02-19,Man City,Tottenham,A,21,6,4,5,5,7,10,0,0,3,0,0
2022-02-19,Aston Villa,Watford,A,20,8,1,4,12,7,10,5,1,2,0,0
2022-02-19,Brighton,Burnley,A,11,10,1,4,12,12,4,4,1,4,0,0
2022-02-19,Southampton,Everton,H,19,9,11,0,6,9,4,4,0,2,0,0
2022-02-19,Arsenal,Brentford,H,24,6,8,2,10,5,14,0,1,1,0,0
2022-02-19,West Ham,Newcastle,D,11,14,3,3,3,7,3,7,3,3,0,0
2022-02-20,Leeds,Man United,A,16,15,6,9,13,19,3,3,6,3,0,0
2022-02-20,Wolves,Leicester,H,11,17,3,7,12,9,7,10,4,4,0,0
2022-02-23,Watford,Crystal Palace,A,8,7,1,5,12,9,6,4,2,1,0,0
2022-02-23,Liverpool,Leeds,H,23,3,15,2,5,11,4,0,0,3,0,0
2022-02-23,Burnley,Tottenham,H,15,12,4,2,8,8,3,7,0,0,0,0
2022-02-24,Arsenal,Wolves,H,26,6,5,2,8,9,5,4,1,1,0,0
2022-02-25,Southampton,Norwich,H,27,8,9,1,12,9,13,6,1,2,0,0
2022-02-26,Leeds,Tottenham,A,19,15,3,11,16,11,3,6,4,2,0,0
2022-02-26,Brentford,Newcastle,A,6,26,1,11,9,7,6,6,3,1,1,0
2022-02-26,Man United,Watford,D,22,10,3,2,2,7,4,3,0,0,0,0
2022-02-26,Brighton,Aston Villa,A,12,9,1,4,17,11,7,2,4,5,0,0
2022-02-26,Everton,Man City,A,6,13,2,8,7,14,3,4,3,2,0,0
2022-02-26,Crystal Palace,Burnley,D,11,5,4,1,5,17,5,4,0,2,0,0
2022-02-27,West Ham,Wolves,H,13,14,4,1,8,2,3,5,1,0,0,0
2022-03-01,Burnley,Leicester,A,9,22,2,6,10,13,6,8,1,1,0,0
2022-03-05,Norwich,Brentford,A,15,10,7,6,13,18,5,5,2,5,0,0
2022-03-05,Liverpool,West Ham,H,22,13,5,5,7,7,4,6,2,1,0,0
2022-03-05,Wolves,Crystal Palace,A,12,12,5,8,13,8,7,7,0,3,0,0
2022-03-05,Aston Villa,Southampton,H,14,11,9,1,10,8,4,7,1,1,0,0
2022-03-05,Burnley,Chelsea,A,6,11,1,5,12,7,5,2,2,0,0,0
2022-03-05,Newcastle,Brighton,H,10,15,4,4,8,10,4,7,1,1,0,0
2022-03-05,Leicester,Leeds,H,7,19,4,4,9,12,5,10,1,2,0,0
2022-03-06,Man City,Man United,H,24,5,10,2,10,14,9,3,0,1,0,0
2022-03-06,Watford,Arsenal,A,13,16,7,4,5,11,1,5,1,2,0,0
2022-03-07,Tottenham,Everton,H,14,6,7,0,15,10,5,2,2,0,0,0
2022-03-10,Norwich,Chelsea,A,9,15,3,7,8,15,3,8,0,2,0,0
2022-03-10,Southampton,Newcastle,A,14,8,5,4,6,7,12,5,1,1,0,0
2022-03-10,Wolves,Watford,H,10,9,5,0,11,10,5,2,2,2,0,0
2022-03-10,Leeds,Aston Villa,A,4,15,1,9,17,11,3,5,5,3,0,0
2022-03-12,Man United,Tottenham,H,10,10,6,3,8,7,4,5,2,1,0,0
2022-03-12,Brighton,Liverpool,A,8,18,3,9,12,15,7,6,3,1,0,0
2022-03-12,Brentford,Burnley,H,13,7,4,1,6,10,2,9,1,1,0,1
2022-03-13,Chelsea,Newcastle,H,8,7,3,2,17,16,7,2,4,3,0,0
2022-03-13,Everton,Wolves,A,8,14,2,3,13,11,5,2,2,1,1,0
2022-03-13,Leeds,Norwich,H,13,12,7,4,18,8,6,2,3,1,0,0
2022-03-13,Southampton,Watford,A,13,9,7,5,8,12,11,3,3,2,0,0
2022-03-13,West Ham,Aston Villa,H,11,13,4,7,9,3,5,7,1,0,0,0
2022-03-13,Arsenal,Leicester,H,21,6,8,3,8,10,2,6,0,3,0,0
2022-03-14,Crystal Palace,Man City,D,7,18,1,4,6,11,2,6,3,1,0,0
2022-03-16,Brighton,Tottenham,A,15,17,0,7,11,9,6,3,2,2,0,0
2022-03-16,Arsenal,Liverpool,A,9,9,2,3,9,9,1,6,0,1,0,0
2022-03-17,Everton,Newcastle,H,9,17,3,6,13,11,5,7,2,1,1,0
2022-03-18,Wolves,Leeds,A,14,15,8,6,13,14,2,5,1,4,1,0
2022-03-19,Aston Villa,Arsenal,A,8,10,1,3,13,14,6,5,3,3,0,0
2022-03-20,Leicester,Brentford,H,12,15,4,6,10,10,2,5,1,2,0,0
2022-03-20,Tottenham,West Ham,H,17,6,4,1,7,7,5,3,0,1,0,0
2022-04-02,Burnley,Man City,A,3,18,1,6,11,6,1,8,1,0,0,0
2022-04-02,Brighton,Norwich,D,31,6,4,0,12,11,11,2,1,1,0,0
2022-04-02,Man United,Leicester,D,11,11,5,3,13,6,6,5,2,2,0,0
2022-04-02,Liverpool,Watford,H,20,5,3,2,9,8,9,3,1,1,0,0
2022-04-02,Leeds,Southampton,D,12,14,3,6,14,7,4,7,1,1,0,0
2022-04-02,Chelsea,Brentford,A,21,17,8,6,11,7,12,7,0,0,0,0
2022-04-02,Wolves,Aston Villa,H,11,15,5,5,15,8,4,9,4,3,0,0
2022-04-03,West Ham,Everton,H,11,13,5,2,9,12,2,4,1,1,0,1
2022-04-03,Tottenham,Newcastle,H,19,8,6,1,10,7,2,3,2,3,0,0
2022-04-04,Crystal Palace,Arsenal,H,6,12,5,3,11,15,0,2,0,2,0,0
2022-04-06,Burnley,Everton,H,13,16,4,4,11,16,9,6,2,2,0,0
2022-04-08,Newcastle,Wolves,H,12,5,4,2,6,13,1,2,1,1,0,0
2022-04-09,Everton,Man United,H,7,12,3,4,4,10,5,7,2,2,0,0
2022-04-09,Arsenal,Brighton,A,20,8,4,3,12,19,11,2,3,4,0,0
2022-04-09,Southampton,Chelsea,A,4,24,1,14,11,10,3,3,1,0,0,0
2022-04-09,Watford,Leeds,A,8,10,1,5,8,12,3,8,2,0,0,0
2022-04-09,Aston Villa,Tottenham,A,9,11,8,5,12,14,9,3,2,3,0,0
2022-04-10,Man City,Liverpool,D,11,6,5,4,9,11,4,1,1,4,0,0
2022-04-10,Brentford,West Ham,H,15,5,7,1,2,6,4,6,0,1,0,0
2022-04-10,Leicester,Crystal Palace,H,12,11,3,3,11,12,3,4,1,1,0,0
2022-04-10,Norwich,Burnley,H,17,18,6,4,12,10,6,7,1,1,0,0
2022-04-16,Southampton,Arsenal,H,9,23,3,6,6,6,6,8,2,1,0,0
2022-04-16,Watford,Brentford,A,17,16,4,5,11,9,6,5,2,1,0,0
2022-04-16,Man United,Norwich,H,20,15,9,4,7,6,6,7,0,0,0,0
2022-04-16,Tottenham,Brighton,A,5,12,0,5,14,10,4,4,3,3,0,0
2022-04-17,Newcastle,Leicester,H,16,8,7,2,10,10,3,5,2,2,0,0
2022-04-17,West Ham,Burnley,D,21,9,8,1,9,10,13,4,2,2,0,0
2022-04-19,Liverpool,Man United,H,14,2,5,1,3,6,10,2,1,2,0,0
2022-04-20,Man City,Brighton,H,17,2,5,1,12,7,7,4,0,3,0,0
2022-04-20,Chelsea,Arsenal,A,11,14,2,4,7,6,6,1,3,1,0,0
2022-04-20,Newcastle,Crystal Palace,H,13,10,4,2,12,12,2,5,1,1,0,0
2022-04-20,Everton,Leicester,D,13,11,3,3,8,17,5,4,3,1,0,0
2022-04-21,Burnley,Southampton,H,16,11,6,3,7,7,10,10,2,2,0,0
2022-04-23,Arsenal,Man United,H,14,14,7,5,9,12,1,7,3,4,0,0
2022-04-23,Leicester,Aston Villa,D,5,11,2,3,15,16,7,6,3,2,0,0
2022-04-23,Man City,Watford,H,21,5,8,2,9,7,11,4,1,0,0,0
2022-04-23,Norwich,Newcastle,A,5,13,2,7,11,10,2,3,0,2,0,0
2022-04-23,Brentford,Tottenham,D,15,9,2,0,8,7,12,8,2,1,0,0
2022-04-24,Liverpool,Everton,H,18,9,4,1,8,8,13,1,2,5,0,0
2022-04-24,Brighton,Southampton,D,8,18,5,5,12,7,6,6,1,0,0,0
2022-04-24,Chelsea,West Ham,H,26,6,5,2,11,9,3,1,1,0,0,1
2022-04-24,Burnley,Wolves,H,14,10,5,4,8,7,3,6,3,1,0,0
2022-04-25,Crystal Palace,Leeds,D,17,9,7,2,12,13,6,3,2,2,0,0
2022-04-28,Man United,Chelsea,D,6,21,3,6,9,12,2,9,0,1,0,0
2022-04-30,Leeds,Man City,A,7,19,2,6,13,3,3,6,1,2,0,0
2022-04-30,Wolves,Brighton,A,11,17,1,9,6,4,7,3,2,1,0,0
2022-04-30,Newcastle,Liverpool,A,4,24,2,10,11,11,0,6,1,3,0,0
2022-04-30,Southampton,Crystal Palace,A,8,14,3,5,13,11,6,7,1,3,0,0
2022-04-30,Aston Villa,Norwich,H,21,9,6,3,16,8,2,3,4,1,0,0
2022-04-30,Watford,Burnley,A,13,17,1,6,13,9,5,6,1,2,0,0
2022-05-01,Everton,Chelsea,H,9,17,4,5,9,12,3,8,3,5,0,0
2022-05-01,Tottenham,Leicester,H,13,6,7,2,13,8,7,3,2,3,0,0
2022-05-01,West Ham,Arsenal,A,8,13,3,7,8,9,3,7,2,2,0,0
2022-05-02,Man United,Brentford,H,9,12,5,4,4,6,3,8,1,0,0,0
2022-05-07,Brentford,Southampton,H,18,19,5,4,12,9,4,7,0,1,0,0
2022-05-07,Burnley,Aston Villa,A,14,12,6,7,13,11,4,5,1,2,0,0
2022-05-07,Chelsea,Wolves,D,19,14,6,4,7,11,9,3,1,3,0,0
2022-05-07,Crystal Palace,Watford,H,15,6,7,1,11,18,8,5,2,1,0,1
2022-05-07,Brighton,Man United,H,17,15,6,5,13,9,7,6,0,2,0,0
2022-05-07,Liverpool,Tottenham,D,22,8,3,3,12,8,11,5,3,2,0,0
2022-05-08,Man City,Newcastle,H,21,7,9,3,6,11,8,2,1,3,0,0
2022-05-08,Arsenal,Leeds,H,19,3,9,2,13,15,8,2,2,2,0,1
2022-05-08,Leicester,Everton,A,16,10,9,4,11,6,6,1,3,0,0,0
2022-05-08,Norwich,West Ham,A,8,13,2,5,7,7,9,5,1,1,0,0
2022-05-10,Aston Villa,Liverpool,A,9,17,4,6,10,12,2,3,0,0,0,0
2022-05-11,Leicester,Norwich,H,20,9,8,5,10,5,10,2,0,0,0,0
2022-05-11,Watford,Everton,D,6,16,0,5,5,12,1,13,1,2,0,0
2022-05-11,Wolves,Man City,A,7,16,3,5,2,10,6,2,0,1,0,0
2022-05-11,Leeds,Chelsea,A,5,17,0,4,10,14,1,5,1,0,1,0
2022-05-12,Tottenham,Arsenal,H,16,8,6,4,8,15,2,2,1,3,0,1
2022-05-15,Everton,Brentford,A,10,18,5,7,8,8,5,2,0,3,2,0
2022-05-15,Wolves,Norwich,D,17,11,4,2,5,10,5,3,0,3,0,0
2022-05-15,West Ham,Man City,D,6,31,2,8,9,5,4,9,3,1,0,0
2022-05-15,Aston Villa,Crystal Palace,D,13,16,4,4,11,15,1,5,1,3,0,0
2022-05-15,Tottenham,Burnley,H,21,8,8,1,12,8,8,2,3,2,0,0
2022-05-15,Leeds,Brighton,D,19,16,5,6,16,8,8,1,3,2,0,0
2022-05-15,Watford,Leicester,A,13,13,5,7,4,6,7,3,0,1,0,0
2022-05-16,Newcastle,Arsenal,H,16,11,4,2,11,8,12,8,0,3,0,0
2022-05-17,Southampton,Liverpool,A,4,24,2,5,6,6,1,9,2,0,0,0
2022-05-19,Everton,Crystal Palace,H,12,7,6,5,9,13,4,5,2,3,0,0
2022-05-19,Aston Villa,Burnley,D,22,10,9,5,11,20,13,6,0,1,0,1
2022-05-19,Chelsea,Leicester,D,20,2,7,1,13,7,6,0,4,1,0,0
2022-05-22,Norwich,Tottenham,A,9,19,0,13,13,7,3,2,3,1,0,0
2022-05-22,Brentford,Leeds,A,14,14,5,6,11,13,3,2,2,1,1,0
2022-05-22,Brighton,West Ham,H,18,7,7,2,9,9,5,6,1,1,0,0
2022-05-22,Burnley,Newcastle,A,12,8,5,6,8,9,8,2,1,0,0,0
2022-05-22,Chelsea,Watford,H,19,8,8,3,9,9,3,3,0,0,0,0
2022-05-22,Crystal Palace,Man United,H,6,10,3,4,12,22,3,6,2,4,0,0
2022-05-22,Leicester,Southampton,H,12,7,6,2,10,5,3,3,0,1,0,0
2022-05-22,Liverpool,Wolves,H,29,7,8,5,6,3,5,3,1,0,0,0
2022-05-22,Arsenal,Everton,H,26,6,9,2,8,9,12,2,0,1,0,0
2022-05-22,Man City,Aston Villa,H,24,4,5,2,5,11,13,1,0,1,0,0
2022-08-05,Crystal Palace,Arsenal,A,10,10,2,2,16,11,3,5,1,2,0,0
2022-08-06,Fulham,Liverpool,D,9,11,3,4,7,9,4,4,2,0,0,0
2022-08-06,Bournemouth,Aston Villa,H,7,15,3,2,18,16,5,5,3,3,0,0
2022-08-06,Leeds,Wolves,H,12,15,4,6,13,9,6,4,2,0,0,0
2022-08-06,Newcastle,Nott'm Forest,H,23,5,10,0,9,14,11,1,0,3,0,0
2022-08-06,Tottenham,Southampton,H,18,10,8,2,11,6,10,2,3,0,0,0
2022-08-06,Everton,Chelsea,A,8,15,4,6,14,11,4,16,3,2,0,0
2022-08-07,West Ham,Man City,A,6,14,1,2,8,4,1,4,0,1,0,0
2022-08-07,Leicester,Brentford,D,14,8,5,3,6,5,5,6,0,0,0,0
2022-08-07,Man United,Brighton,A,17,15,5,4,7,12,6,2,4,1,0,0
2022-08-13,Brentford,Man United,H,13,15,7,4,6,15,8,2,0,4,0,0
2022-08-13,Wolves,Fulham,D,7,9,1,3,7,14,5,3,3,3,0,0
2022-08-13,Southampton,Leeds,D,14,13,4,5,10,12,2,5,1,3,0,0
2022-08-13,Man City,Bournemouth,H,19,3,7,1,9,9,11,1,0,3,0,0
2022-08-13,Arsenal,Leicester,H,19,6,7,2,15,9,6,2,1,1,0,0
2022-08-13,Aston Villa,Everton,H,12,15,4,4,9,7,5,8,4,1,0,0
2022-08-13,Brighton,Newcastle,D,13,4,7,1,8,6,7,3,2,3,0,0
2022-08-14,Chelsea,Tottenham,D,16,10,3,5,9,9,8,5,3,0,0,0
2022-08-14,Nott'm Forest,West Ham,H,13,19,6,5,10,11,6,7,4,1,0,0
2022-08-15,Liverpool,Crystal Palace,D,24,7,4,3,7,8,4,2,2,4,1,0
2022-08-20,Bournemouth,Arsenal,A,6,14,1,6,12,10,3,4,2,1,0,0
2022-08-20,Everton,Nott'm Forest,D,19,14,8,5,6,9,6,2,3,2,0,0
2022-08-20,Leicester,Southampton,A,6,9,1,3,11,15,2,5,2,3,0,0
2022-08-20,Fulham,Brentford,H,18,13,9,5,13,7,6,3,3,2,0,0
2022-08-20,Crystal Palace,Aston Villa,H,17,13,9,5,16,14,4,2,2,1,0,0
2022-08-20,Tottenham,Wolves,H,11,20,4,3,10,8,8,6,2,2,0,0
2022-08-21,Leeds,Chelsea,H,12,14,6,3,16,15,4,6,0,1,0,1
2022-08-21,West Ham,Brighton,A,13,11,3,2,10,7,5,4,2,0,0,0
2022-08-21,Newcastle,Man City,D,12,21,6,10,14,7,5,5,4,2,0,0
2022-08-22,Man United,Liverpool,H,12,17,4,5,11,7,6,8,3,1,0,0
2022-08-27,Chelsea,Leicester,H,7,17,3,5,10,7,3,11,1,2,1,0
2022-08-27,Southampton,Man United,A,17,11,5,6,4,14,5,3,0,3,0,0
2022-08-27,Brentford,Everton,D,19,14,5,7,8,8,8,5,2,2,0,0
2022-08-27,Brighton,Leeds,H,13,10,4,2,10,14,5,3,2,3,0,0
2022-08-27,Liverpool,Bournemouth,H,19,5,12,2,6,5,8,1,0,1,0,0
2022-08-27,Man City,Crystal Palace,H,18,2,5,2,14,8,6,1,1,2,0,0
2022-08-27,Arsenal,Fulham,H,22,11,8,3,6,12,9,2,2,3,0,0
2022-08-28,Aston Villa,West Ham,A,9,7,3,2,10,10,3,2,2,0,0,0
2022-08-28,Wolves,Newcastle,D,10,21,4,6,10,11,4,13,2,1,0,0
2022-08-28,Nott'm Forest,Tottenham,A,17,18,1,7,11,13,6,1,6,1,0,0
2022-08-30,Crystal Palace,Brentford,D,13,9,4,3,11,8,4,6,1,2,0,0
2022-08-30,Fulham,Brighton,H,10,7,3,4,9,11,3,3,2,1,0,0
2022-08-30,Leeds,Everton,D,14,7,5,2,10,9,10,2,3,3,0,0
2022-08-30,Southampton,Chelsea,H,9,10,7,4,15,10,5,3,2,1,0,0
2022-08-31,Man City,Nott'm Forest,H,17,8,9,1,9,7,10,1,0,1,0,0
2022-08-31,Liverpool,Newcastle,H,23,5,6,2,9,10,13,0,0,2,0,0
2022-08-31,West Ham,Tottenham,D,14,13,4,4,10,9,3,4,2,5,0,0
2022-08-31,Arsenal,Aston Villa,H,22,4,9,3,10,14,10,3,2,3,0,0
2022-08-31,Bournemouth,Wolves,D,5,17,2,4,12,12,2,5,2,1,0,0
2022-09-01,Leicester,Man United,A,10,9,2,2,7,15,1,3,1,3,0,0
2022-09-03,Everton,Liverpool,D,14,23,3,8,7,11,7,9,2,2,0,0
2022-09-03,Brentford,Leeds,H,14,17,8,6,8,9,2,6,2,2,0,0
2022-09-03,Chelsea,West Ham,H,8,6,3,3,6,11,10,3,4,2,0,0
2022-09-03,Newcastle,Crystal Palace,D,23,19,6,9,19,12,13,5,2,1,0,0
2022-09-03,Nott'm Forest,Bournemouth,A,11,8,3,3,13,10,4,6,2,1,0,0
2022-09-03,Tottenham,Fulham,H,23,9,10,3,9,6,10,3,3,4,0,0
2022-09-03,Wolves,Southampton,H,7,12,2,1,10,14,5,6,4,2,0,0
2022-09-03,Aston Villa,Man City,D,3,13,1,4,7,6,1,4,2,0,0,0
2022-09-04,Man United,Arsenal,H,10,16,6,3,13,9,2,5,3,3,0,0
2022-09-04,Brighton,Leicester,H,23,6,11,4,6,8,10,1,1,1,0,0
2022-09-16,Aston Villa,Southampton,H,11,7,3,1,13,13,6,3,3,1,0,0
2022-09-16,Nott'm Forest,Fulham,A,11,15,3,7,11,10,2,10,2,4,0,0
2022-09-17,Wolves,Man City,A,6,16,1,7,7,9,5,7,2,1,1,0
2022-09-17,Newcastle,Bournemouth,D,20,10,7,3,10,11,8,1,2,2,0,0
2022-09-17,Tottenham,Leicester,H,16,19,11,7,9,9,6,1,1,2,0,0
2022-09-18,Brentford,Arsenal,A,5,13,2,7,10,10,3,3,0,2,0,0
2022-09-18,Everton,West Ham,H,7,14,2,4,8,11,5,14,3,1,0,0
2022-10-01,West Ham,Wolves,H,18,15,5,4,8,6,1,6,2,2,0,0
2022-10-01,Southampton,Everton,A,22,12,6,5,11,10,7,6,2,2,0,0
2022-10-01,Liverpool,Brighton,D,15,6,7,6,9,13,9,2,1,1,0,0
2022-10-01,Fulham,Newcastle,A,3,19,1,10,9,10,1,8,2,0,1,0
2022-10-01,Arsenal,Tottenham,H,22,7,9,3,10,10,5,2,2,1,0,1
2022-10-01,Bournemouth,Brentford,D,7,13,1,4,11,10,7,8,1,2,0,0
2022-10-01,Crystal Palace,Chelsea,A,7,13,3,3,11,13,5,2,1,3,0,0
2022-10-02,Man City,Man United,H,22,12,10,8,3,9,5,1,0,3,0,0
2022-10-02,Leeds,Aston Villa,D,9,19,1,7,23,12,2,9,3,2,1,0
2022-10-03,Leicester,Nott'm Forest,H,17,10,7,3,13,12,6,6,2,4,0,0
2022-10-08,Brighton,Tottenham,A,14,8,4,3,9,14,6,2,1,2,0,0
2022-10-08,Newcastle,Brentford,H,16,6,6,3,14,9,9,5,0,1,0,0
2022-10-08,Man City,Southampton,H,21,5,8,0,4,8,9,1,0,1,0,0
2022-10-08,Bournemouth,Leicester,H,10,9,4,5,8,16,7,2,1,2,0,0
2022-10-08,Chelsea,Wolves,H,20,8,7,2,8,8,4,2,2,0,0,0
2022-10-09,Crystal Palace,Leeds,H,13,10,5,4,13,23,5,3,3,3,0,0
2022-10-09,West Ham,Fulham,H,17,8,8,2,9,7,4,2,1,3,0,0
2022-10-09,Arsenal,Liverpool,H,11,8,7,3,11,11,4,3,1,2,0,0
2022-10-09,Everton,Man United,A,11,12,2,4,7,13,5,4,2,1,0,0
2022-10-10,Nott'm Forest,Aston Villa,D,6,12,3,2,13,19,1,4,3,3,0,0
2022-10-14,Brentford,Brighton,H,7,21,3,7,12,15,2,11,3,1,0,0
2022-10-15,Wolves,Nott'm Forest,H,9,10,2,2,17,13,4,5,2,2,0,0
2022-10-15,Fulham,Bournemouth,D,19,10,4,6,9,11,5,6,2,0,0,0
2022-10-15,Tottenham,Everton,H,21,4,7,0,12,13,7,1,1,4,0,0
2022-10-15,Leicester,Crystal Palace,D,14,8,5,1,18,13,9,2,2,2,0,0
2022-10-16,Southampton,West Ham,D,10,25,8,4,7,3,4,14,1,1,0,0
2022-10-16,Liverpool,Man City,H,13,16,2,6,10,7,5,6,3,1,0,0
2022-10-16,Man United,Newcastle,D,15,9,2,2,13,11,4,4,3,1,0,0
2022-10-16,Leeds,Arsenal,A,16,9,4,4,10,11,6,3,0,2,0,0
2022-10-16,Aston Villa,Chelsea,A,18,8,7,4,12,11,7,1,0,3,0,0
2022-10-18,Brighton,Nott'm Forest,D,19,3,7,0,10,14,9,1,3,1,0,0
2022-10-18,Crystal Palace,Wolves,H,14,10,4,4,14,18,4,3,3,1,0,0
2022-10-19,Bournemouth,Southampton,A,15,9,3,3,8,13,7,3,1,3,0,0
2022-10-19,Brentford,Chelsea,D,8,14,5,5,7,7,6,2,0,0,0,0
2022-10-19,Liverpool,West Ham,H,22,8,7,3,9,8,8,3,0,0,0,0
2022-10-19,Newcastle,Everton,H,16,1,4,0,9,12,8,2,2,4,0,0
2022-10-19,Man United,Tottenham,H,28,9,10,2,7,7,8,3,1,0,0,0
2022-10-20,Fulham,Aston Villa,H,18,12,8,6,11,11,9,7,0,2,0,1
2022-10-20,Leicester,Leeds,H,5,14,1,2,15,11,2,9,2,1,0,0
2022-10-22,Chelsea,Man United,D,6,13,2,6,8,10,6,4,1,4,0,0
2022-10-22,Man City,Brighton,H,10,8,4,2,11,12,7,3,1,3,0,0
2022-10-22,Nott'm Forest,Liverpool,H,10,15,7,7,14,8,2,11,2,1,0,0
2022-10-22,Everton,Crystal Palace,H,9,9,6,2,16,14,3,4,3,4,0,0
2022-10-23,Aston Villa,Brentford,H,19,12,11,3,14,11,7,6,1,0,0,0
2022-10-23,Leeds,Fulham,A,14,11,5,5,12,8,3,6,1,1,0,0
2022-10-23,Southampton,Arsenal,D,10,12,3,3,11,8,9,4,2,1,0,0
2022-10-23,Wolves,Leicester,A,21,5,5,4,10,13,9,2,2,1,0,0
2022-10-23,Tottenham,Newcastle,A,17,13,5,5,12,6,6,7,4,2,0,0
2022-10-24,West Ham,Bournemouth,H,20,5,4,3,9,11,5,0,0,2,0,0
2022-10-29,Newcastle,Aston Villa,H,20,3,7,0,11,11,3,0,1,1,0,0
2022-10-29,Liverpool,Leeds,A,22,14,10,6,9,3,14,5,0,1,0,0
2022-10-29,Fulham,Everton,D,24,9,6,4,10,8,13,4,2,1,0,0
2022-10-29,Crystal Palace,Southampton,H,12,14,3,4,13,12,8,4,3,3,0,0
2022-10-29,Leicester,Man City,A,10,15,5,5,5,10,3,10,0,0,0,0
2022-10-29,Brentford,Wolves,D,12,14,3,4,10,17,3,6,3,3,0,1
2022-10-29,Bournemouth,Tottenham,A,6,23,4,7,10,5,2,19,1,2,0,0
2022-10-29,Brighton,Chelsea,H,19,15,9,7,16,6,8,7,1,2,0,0
2022-10-30,Arsenal,Nott'm Forest,H,24,5,10,2,9,8,9,4,0,1,0,0
2022-10-30,Man United,West Ham,H,16,13,3,5,12,10,5,10,1,3,0,0
2022-11-05,Everton,Leicester,A,12,22,2,8,9,5,8,3,0,0,0,0
2022-11-05,Nott'm Forest,Brentford,D,15,6,7,2,10,11,3,3,2,2,0,0
2022-11-05,Wolves,Brighton,A,8,19,5,8,15,11,4,9,2,0,1,0
2022-11-05,Leeds,Bournemouth,H,18,9,4,6,16,10,13,3,2,2,0,0
2022-11-05,Man City,Fulham,H,16,4,5,2,6,11,9,0,2,4,1,0
2022-11-06,Chelsea,Arsenal,A,5,14,1,2,20,13,4,6,5,2,0,0
2022-11-06,Aston Villa,Man United,H,6,8,4,3,6,12,3,5,3,3,0,0
2022-11-06,Southampton,Newcastle,A,16,7,5,4,7,10,8,2,1,0,0,0
2022-11-06,West Ham,Crystal Palace,A,5,15,2,6,10,7,2,5,1,1,0,0
2022-11-06,Tottenham,Liverpool,A,14,13,5,6,10,8,5,3,0,0,0,0
2022-11-12,Wolves,Arsenal,A,11,14,2,4,5,6,6,4,3,2,0,0
2022-11-12,West Ham,Leicester,A,18,9,6,6,9,8,7,2,3,1,0,0
2022-11-12,Newcastle,Chelsea,H,10,5,3,2,14,11,5,3,3,2,0,0
2022-11-12,Tottenham,Leeds,H,14,12,8,5,8,7,9,2,1,1,0,1
2022-11-12,Nott'm Forest,Crystal Palace,H,9,8,2,0,11,13,1,5,1,4,0,0
2022-11-12,Liverpool,Southampton,H,15,9,7,5,8,8,6,0,0,2,0,0
2022-11-12,Bournemouth,Everton,H,16,15,9,3,12,8,3,5,2,0,0,0
2022-11-12,Man City,Brentford,A,29,10,6,8,9,7,10,2,2,2,0,0
2022-11-13,Brighton,Aston Villa,A,7,8,2,2,14,11,11,4,2,7,0,0
2022-11-13,Fulham,Man United,A,14,14,7,9,9,10,10,3,1,1,0,0
2022-12-26,Arsenal,West Ham,H,16,8,5,4,13,17,7,5,0,2,0,0
2022-12-26,Aston Villa,Liverpool,A,12,16,6,9,7,12,0,6,0,0,0,0
2022-12-26,Southampton,Brighton,A,14,7,4,4,9,10,4,2,1,2,0,0
2022-12-26,Leicester,Newcastle,A,8,12,2,5,9,6,5,5,0,0,0,0
2022-12-26,Crystal Palace,Fulham,A,4,23,0,11,12,15,1,8,0,0,2,0
2022-12-26,Brentford,Tottenham,D,9,16,5,8,11,10,6,5,3,1,0,0
2022-12-26,Everton,Wolves,A,12,7,6,4,9,22,2,2,1,6,0,0
2022-12-27,Chelsea,Bournemouth,H,15,9,5,4,8,10,6,8,0,0,0,0
2022-12-27,Man United,Nott'm Forest,H,17,8,8,3,13,4,9,9,3,1,0,0
2022-12-28,Leeds,Man City,A,9,26,1,9,11,14,3,5,3,3,0,0
2022-12-30,West Ham,Brentford,A,20,9,5,6,9,5,8,1,1,0,0,0
2022-12-30,Liverpool,Leicester,H,21,7,5,2,8,15,4,5,0,1,0,0
2022-12-31,Newcastle,Leeds,D,16,8,5,1,13,19,9,3,3,5,0,0
2022-12-31,Brighton,Arsenal,A,9,14,5,7,7,11,7,4,3,3,0,0
2022-12-31,Fulham,Southampton,H,8,9,2,3,8,13,4,4,0,1,0,0
2022-12-31,Man City,Everton,D,16,2,3,1,13,14,7,1,3,4,0,0
2022-12-31,Wolves,Man United,A,10,16,3,6,11,11,7,5,1,3,0,0
2022-12-31,Bournemouth,Crystal Palace,A,6,15,2,6,17,11,2,7,4,1,0,0
2023-01-01,Tottenham,Aston Villa,A,6,13,2,4,15,10,5,3,4,3,0,0
2023-01-01,Nott'm Forest,Chelsea,D,12,7,5,2,16,14,1,2,2,2,0,0
2023-01-02,Brentford,Liverpool,H,10,16,7,6,5,8,4,9,1,3,0,0
2023-01-03,Leicester,Fulham,A,15,11,6,2,12,11,6,3,2,6,0,0
2023-01-03,Arsenal,Newcastle,D,17,8,4,1,10,16,5,5,4,4,0,0
2023-01-03,Everton,Brighton,A,10,19,4,8,8,10,5,2,3,1,0,0
2023-01-03,Man United,Bournemouth,H,18,7,6,4,13,7,6,5,0,3,0,0
2023-01-04,Crystal Palace,Tottenham,A,19,14,4,6,11,8,10,4,1,2,0,0
2023-01-04,Aston Villa,Wolves,D,13,10,4,3,6,12,7,8,1,3,0,0
2023-01-04,Leeds,West Ham,D,14,15,6,2,11,18,8,1,3,1,0,0
2023-01-04,Southampton,Nott'm Forest,A,8,11,0,1,14,17,6,2,2,2,0,0
2023-01-05,Chelsea,Man City,A,8,12,2,3,9,9,3,2,2,0,0,0
2023-01-12,Fulham,Chelsea,H,8,20,3,10,12,16,5,7,4,3,0,1
2023-01-13,Aston Villa,Leeds,H,11,16,5,4,12,8,0,11,2,2,0,0
2023-01-14,Nott'm Forest,Leicester,H,15,6,5,1,11,12,3,5,1,2,0,0
2023-01-14,Everton,Southampton,A,12,13,4,5,7,19,6,4,0,3,0,0
2023-01-14,Brentford,Bournemouth,H,12,7,4,2,5,9,5,3,1,1,0,0
2023-01-14,Man United,Man City,H,8,5,4,1,15,5,1,2,3,0,0,0
2023-01-14,Wolves,West Ham,H,17,16,4,4,10,7,4,3,0,2,0,0
2023-01-14,Brighton,Liverpool,H,16,6,9,2,8,15,7,1,1,3,0,0
2023-01-15,Chelsea,Crystal Palace,H,15,10,5,5,10,17,11,7,2,5,0,0
2023-01-15,Tottenham,Arsenal,A,17,14,7,5,16,15,4,3,4,2,0,0
2023-01-15,Newcastle,Fulham,H,20,5,5,0,6,14,10,5,1,3,0,0
2023-01-18,Crystal Palace,Man United,D,10,15,5,4,9,10,3,3,1,2,0,0
2023-01-19,Man City,Tottenham,H,16,9,6,3,10,14,8,3,1,2,0,0
2023-01-21,Liverpool,Chelsea,D,15,11,3,2,16,9,5,5,3,1,0,0
2023-01-21,Bournemouth,Nott'm Forest,D,16,20,4,5,10,7,4,6,1,2,0,0
2023-01-21,Leicester,Brighton,D,9,13,2,4,9,9,5,6,0,1,0,0
2023-01-21,Southampton,Aston Villa,A,8,16,5,5,19,9,2,2,1,2,0,0
2023-01-21,West Ham,Everton,H,11,5,4,2,9,6,4,9,1,1,0,0
2023-01-21,Crystal Palace,Newcastle,D,6,16,1,7,13,7,3,15,4,2,0,0
2023-01-22,Man City,Wolves,H,13,10,7,1,10,10,5,7,1,2,0,0
2023-01-22,Leeds,Brentford,D,9,6,5,0,10,18,2,3,2,2,0,0
2023-01-22,Arsenal,Man United,H,25,6,5,4,8,9,12,4,1,2,0,0
2023-01-23,Fulham,Tottenham,A,10,10,5,3,10,10,3,8,1,3,0,0
2023-02-03,Chelsea,Fulham,D,12,10,3,4,16,12,6,2,1,4,0,0
2023-02-04,Brighton,Bournemouth,H,20,12,6,2,14,7,7,3,3,1,0,0
2023-02-04,Brentford,Southampton,H,14,14,4,6,10,9,4,4,1,2,0,0
2023-02-04,Aston Villa,Leicester,A,19,9,4,5,10,10,11,3,0,2,0,0
2023-02-04,Man United,Crystal Palace,H,14,10,5,3,9,9,5,5,1,2,1,0
2023-02-04,Newcastle,West Ham,D,8,10,2,1,11,13,4,2,2,1,0,0
2023-02-04,Everton,Arsenal,H,12,15,4,3,13,8,7,5,4,1,0,0
2023-02-04,Wolves,Liverpool,H,12,22,6,4,9,7,2,7,1,1,0,0
2023-02-05,Tottenham,Man City,H,12,15,3,5,19,14,4,6,2,3,1,0
2023-02-05,Nott'm Forest,Leeds,H,6,10,2,4,15,14,0,2,4,2,0,0
2023-02-08,Man United,Leeds,D,24,8,7,2,7,11,6,5,1,3,0,0
2023-02-11,West Ham,Chelsea,D,10,12,2,4,9,11,5,6,1,1,0,0
2023-02-11,Arsenal,Brentford,D,23,9,7,2,9,9,7,4,0,2,0,0
2023-02-11,Crystal Palace,Brighton,D,6,17,1,7,10,11,1,6,4,1,0,0
2023-02-11,Fulham,Nott'm Forest,H,16,10,3,1,9,11,5,4,0,1,0,0
2023-02-11,Leicester,Tottenham,H,15,11,7,4,14,9,1,5,5,2,0,0
2023-02-11,Southampton,Wolves,A,17,11,2,2,12,14,5,2,2,2,0,1
2023-02-11,Bournemouth,Newcastle,D,11,15,5,7,8,10,4,6,2,3,0,0
2023-02-12,Leeds,Man United,A,16,11,6,5,10,13,7,3,2,1,0,0
2023-02-12,Man City,Aston Villa,H,17,6,9,2,13,14,8,4,1,2,0,0
2023-02-13,Liverpool,Everton,H,15,6,6,1,8,16,3,3,1,3,0,0
2023-02-15,Arsenal,Man City,A,10,9,1,6,11,15,1,3,2,3,0,0
2023-02-18,Everton,Leeds,H,15,8,6,0,8,6,6,4,2,3,0,0
2023-02-18,Nott'm Forest,Man City,D,4,26,1,6,8,6,0,10,1,0,0,0
2023-02-18,Chelsea,Southampton,A,17,8,5,5,16,24,8,2,3,6,0,0
2023-02-18,Brighton,Fulham,A,21,5,7,2,12,14,10,2,0,5,0,0
2023-02-18,Newcastle,Liverpool,A,14,13,4,7,3,8,6,7,1,1,1,0
2023-02-18,Aston Villa,Arsenal,A,7,20,5,5,13,4,2,9,2,1,0,0
2023-02-18,Wolves,Bournemouth,A,15,5,4,1,12,10,12,2,3,3,0,0
2023-02-18,Brentford,Crystal Palace,D,12,10,5,4,10,8,2,6,2,2,0,0
2023-02-19,Tottenham,West Ham,H,16,6,6,1,16,10,4,7,2,1,0,0
2023-02-19,Man United,Leicester,H,26,19,8,3,9,9,6,6,0,2,0,0
2023-02-24,Fulham,Wolves,D,10,8,5,2,12,17,4,3,2,0,0,0
2023-02-25,Everton,Aston Villa,A,15,9,5,5,12,12,5,1,2,1,0,0
2023-02-25,Leeds,Southampton,H,14,8,4,2,15,13,9,2,2,4,0,0
2023-02-25,Leicester,Arsenal,A,1,10,0,2,14,9,0,8,0,1,0,0
2023-02-25,West Ham,Nott'm Forest,H,18,8,5,3,8,5,12,3,0,0,0,0
2023-02-25,Bournemouth,Man City,A,13,20,2,5,10,9,4,6,2,2,0,0
2023-02-25,Crystal Palace,Liverpool,D,6,12,0,4,11,14,5,3,2,5,0,0
2023-02-26,Tottenham,Chelsea,H,8,10,3,2,10,10,4,4,2,3,0,0
2023-03-01,Arsenal,Everton,H,15,8,5,5,5,12,5,1,0,2,0,0
2023-03-01,Liverpool,Wolves,H,15,4,6,1,13,14,5,2,2,3,0,0
2023-03-04,Chelsea,Leeds,H,13,11,3,2,10,7,5,7,2,0,0,0
2023-03-04,Brighton,West Ham,H,20,3,9,2,6,8,7,3,0,3,0,0
2023-03-04,Aston Villa,Crystal Palace,H,8,3,1,0,14,17,2,4,2,3,0,1
2023-03-04,Southampton,Leicester,H,11,11,5,0,12,11,3,4,4,2,0,0
2023-03-04,Man City,Newcastle,H,11,5,3,2,8,13,8,4,2,4,0,0
2023-03-04,Wolves,Tottenham,H,8,21,5,6,11,18,4,8,1,1,0,0
2023-03-04,Arsenal,Bournemouth,H,31,4,9,4,6,8,17,1,0,2,0,0
2023-03-05,Liverpool,Man United,H,18,8,8,4,13,14,4,3,2,3,0,0
2023-03-05,Nott'm Forest,Everton,D,10,10,4,3,11,17,3,3,3,5,0,0
2023-03-06,Brentford,Fulham,H,14,9,6,5,12,17,2,3,0,3,0,0
2023-03-11,Bournemouth,Liverpool,H,5,15,2,6,7,9,3,8,2,1,0,0
2023-03-11,Everton,Brentford,H,13,12,6,4,11,12,5,8,2,1,0,0
2023-03-11,Leeds,Brighton,D,12,14,4,2,12,9,4,7,1,1,0,0
2023-03-11,Leicester,Chelsea,A,17,12,7,6,10,11,2,5,1,2,1,0
2023-03-11,Tottenham,Nott'm Forest,H,15,9,7,5,13,13,2,10,3,1,0,0
2023-03-11,Crystal Palace,Man City,A,4,14,0,4,11,17,2,6,2,2,0,0
2023-03-12,Man United,Southampton,D,10,17,4,4,12,9,7,8,2,0,0,0
2023-03-12,Fulham,Arsenal,A,12,15,2,7,10,9,4,8,0,1,0,0
2023-03-12,West Ham,Aston Villa,D,17,12,6,4,8,6,13,2,1,0,0,0
2023-03-12,Newcastle,Wolves,H,19,7,8,4,11,10,10,3,1,2,0,0
2023-03-15,Brighton,Crystal Palace,H,11,11,5,3,13,20,1,4,1,2,0,0
2023-03-15,Southampton,Brentford,A,7,11,1,5,14,10,3,3,1,2,0,0
2023-03-17,Nott'm Forest,Newcastle,A,5,15,3,4,17,9,3,7,5,1,0,0
2023-03-18,Brentford,Leicester,D,11,14,2,1,10,11,8,4,1,2,1,0
2023-03-18,Aston Villa,Bournemouth,H,20,10,9,3,8,13,9,6,1,4,0,0
2023-03-18,Chelsea,Everton,D,20,12,7,3,8,12,8,2,2,2,0,0
2023-03-18,Southampton,Tottenham,D,19,17,7,3,13,8,10,3,1,1,0,0
2023-03-18,Wolves,Leeds,A,23,11,8,4,15,9,5,4,3,5,1,0
2023-03-19,Arsenal,Crystal Palace,H,15,8,5,4,8,10,5,4,0,1,0,0
2023-04-01,Crystal Palace,Leicester,H,31,3,9,2,12,16,10,1,3,4,0,0
2023-04-01,Brighton,Brentford,D,33,7,15,5,16,10,14,0,2,1,0,0
2023-04-01,Bournemouth,Fulham,H,12,10,7,2,15,13,4,3,1,4,0,0
2023-04-01,Chelsea,Aston Villa,A,27,5,8,2,14,16,13,2,3,3,0,0
2023-04-01,Man City,Liverpool,H,17,4,8,1,9,12,7,1,1,1,0,0
2023-04-01,Nott'm Forest,Wolves,D,17,8,7,1,14,13,4,3,3,5,0,0
2023-04-01,Arsenal,Leeds,H,13,7,6,5,11,13,4,3,0,2,0,0
2023-04-02,Newcastle,Man United,H,22,6,6,1,8,12,7,4,0,0,0,0
2023-04-02,West Ham,Southampton,H,12,9,2,3,10,11,5,3,0,2,0,0
2023-04-03,Everton,Tottenham,D,15,8,6,2,10,14,3,3,0,3,1,1
2023-04-04,Bournemouth,Brighton,A,14,16,3,6,11,5,5,5,1,1,0,0
2023-04-04,Leeds,Nott'm Forest,H,21,13,6,1,11,13,11,4,1,4,0,0
2023-04-04,Leicester,Aston Villa,A,9,15,4,5,10,14,4,8,2,0,1,0
2023-04-04,Chelsea,Liverpool,D,12,7,3,4,6,17,3,5,1,4,0,0
2023-04-05,Man United,Brentford,H,18,6,3,1,8,13,12,3,3,2,0,0
2023-04-05,West Ham,Newcastle,A,7,15,2,8,11,12,7,6,2,1,0,0
2023-04-08,Aston Villa,Nott'm Forest,H,8,6,3,2,7,17,1,8,3,4,0,0
2023-04-08,Man United,Everton,H,29,15,11,1,10,9,10,4,0,0,0,0
2023-04-08,Brentford,Newcastle,A,12,10,6,4,10,15,6,5,0,0,0,0
2023-04-08,Fulham,West Ham,A,16,9,3,5,10,12,11,4,1,1,0,0
2023-04-08,Leicester,Bournemouth,A,14,19,4,7,10,13,6,6,0,3,0,0
2023-04-08,Tottenham,Brighton,H,9,17,3,4,15,15,3,7,3,1,0,0
2023-04-08,Wolves,Chelsea,H,9,13,4,1,14,10,8,8,2,5,0,0
2023-04-08,Southampton,Man City,A,4,13,1,8,6,10,0,10,0,2,0,0
2023-04-09,Liverpool,Arsenal,D,21,9,6,5,11,11,5,4,4,4,0,0
2023-04-09,Leeds,Crystal Palace,A,11,16,7,8,11,8,2,4,3,1,0,0
2023-04-15,Southampton,Crystal Palace,A,11,9,4,2,6,13,6,2,3,1,0,0
2023-04-15,Man City,Leicester,H,12,10,4,4,8,8,6,2,1,1,0,0
2023-04-15,Wolves,Brentford,H,11,10,9,3,12,8,5,2,1,1,0,0
2023-04-15,Tottenham,Bournemouth,A,24,6,8,6,8,9,8,1,1,2,0,0
2023-04-15,Chelsea,Brighton,A,8,26,2,10,11,11,2,8,2,2,0,0
2023-04-15,Aston Villa,Newcastle,H,16,8,6,2,13,15,7,2,1,1,0,0
2023-04-15,Everton,Fulham,A,15,21,7,7,10,6,4,8,3,2,0,0
2023-04-16,West Ham,Arsenal,D,16,11,3,5,11,8,7,2,1,2,0,0
2023-04-16,Nott'm Forest,Man United,A,6,22,0,8,9,9,4,9,2,2,0,0
2023-04-17,Leeds,Liverpool,A,13,13,3,7,6,12,4,2,0,1,0,0
2023-04-21,Arsenal,Southampton,D,25,8,6,6,10,14,7,2,1,5,0,0
2023-04-22,Fulham,Leeds,H,12,10,5,2,10,15,8,6,1,4,0,0
2023-04-22,Brentford,Aston Villa,D,6,14,5,2,12,8,8,4,3,2,0,0
2023-04-22,Crystal Palace,Everton,D,12,10,2,5,12,14,8,1,1,1,0,1
2023-04-22,Leicester,Wolves,H,15,16,8,3,17,16,1,7,1,3,0,0
2023-04-22,Liverpool,Nott'm Forest,H,18,11,6,5,9,12,9,3,0,1,0,0
2023-04-23,Newcastle,Tottenham,H,25,11,8,3,7,13,9,3,0,3,0,0
2023-04-23,Bournemouth,West Ham,A,17,18,5,10,7,8,8,5,1,2,0,0
2023-04-25,Wolves,Crystal Palace,H,9,14,3,4,13,14,6,11,5,4,0,0
2023-04-25,Leeds,Leicester,D,13,15,3,3,14,15,3,6,4,2,0,0
2023-04-25,Aston Villa,Fulham,H,14,1,3,0,6,18,8,2,3,2,0,0
2023-04-26,Chelsea,Brentford,A,15,7,4,1,5,13,5,2,1,2,0,0
2023-04-26,Nott'm Forest,Brighton,H,12,17,5,7,7,8,2,7,2,0,0,0
2023-04-26,Man City,Arsenal,H,14,8,9,2,13,13,1,3,3,1,0,0
2023-04-26,West Ham,Liverpool,A,7,20,2,4,6,8,3,6,0,0,0,0
2023-04-27,Tottenham,Man United,D,18,17,7,8,8,7,6,8,1,2,0,0
2023-04-27,Southampton,Bournemouth,A,11,16,2,2,9,11,6,4,0,3,0,0
2023-04-27,Everton,Newcastle,A,13,15,5,8,8,6,3,14,2,1,0,0
2023-04-29,Crystal Palace,West Ham,H,16,8,6,4,9,17,8,5,1,2,0,0
2023-04-29,Brentford,Nott'm Forest,H,14,5,8,3,6,13,6,0,1,2,0,0
2023-04-29,Brighton,Wolves,H,22,10,8,2,14,11,2,5,1,1,0,0
2023-04-30,Liverpool,Tottenham,H,12,10,4,7,12,6,5,2,3,2,0,0
2023-04-30,Bournemouth,Leeds,H,12,15,7,6,12,14,2,6,1,0,0,0
2023-04-30,Fulham,Man City,A,4,12,1,9,9,10,2,5,1,3,0,0
2023-04-30,Man United,Aston Villa,H,14,7,6,1,16,7,1,4,2,0,0,0
2023-04-30,Newcastle,Southampton,H,22,4,5,3,7,10,11,2,1,4,0,0
2023-05-01,Leicester,Everton,D,15,23,6,8,10,12,2,9,4,1,0,0
2023-05-02,Arsenal,Chelsea,H,16,7,10,4,10,10,7,2,0,2,0,0
2023-05-03,Liverpool,Fulham,H,15,9,3,3,10,8,7,5,0,0,0,0
2023-05-03,Man City,West Ham,H,16,6,7,2,8,8,6,3,0,1,0,0
2023-05-04,Brighton,Man United,H,22,16,6,5,10,14,8,6,4,4,0,0
2023-05-06,Man City,Leeds,H,18,4,6,2,3,16,10,1,0,3,0,0
2023-05-06,Bournemouth,Chelsea,A,10,11,4,5,9,11,7,7,1,3,0,0
2023-05-06,Liverpool,Brentford,H,15,5,5,1,19,10,7,3,4,2,0,0
2023-05-06,Tottenham,Crystal Palace,H,8,7,3,2,15,14,8,4,3,5,0,0
2023-05-06,Wolves,Aston Villa,H,6,16,2,3,20,9,5,6,3,3,0,0
2023-05-07,Newcastle,Arsenal,A,12,10,5,6,16,12,9,4,2,1,0,0
2023-05-07,West Ham,Man United,H,15,19,4,4,4,9,5,6,0,2,0,0
2023-05-08,Fulham,Leicester,H,17,18,7,9,13,15,2,7,0,3,0,0
2023-05-08,Brighton,Everton,A,23,10,5,5,11,13,15,1,1,5,0,0
2023-05-08,Nott'm Forest,Southampton,H,9,19,4,5,16,10,2,11,1,0,0,0
2023-05-13,Man United,Wolves,H,27,5,9,0,9,9,11,7,3,2,0,0
2023-05-13,Leeds,Newcastle,D,9,18,4,5,16,14,2,6,3,2,1,0
2023-05-13,Aston Villa,Tottenham,H,8,5,4,2,9,14,8,3,3,3,0,0
2023-05-13,Chelsea,Nott'm Forest,D,14,11,6,2,13,15,2,5,3,1,0,0
2023-05-13,Crystal Palace,Bournemouth,H,17,5,5,0,5,12,11,2,0,2,0,0
2023-05-13,Southampton,Fulham,A,5,9,1,4,17,12,1,8,2,0,0,0
2023-05-14,Brentford,West Ham,H,24,4,10,4,5,5,7,5,1,0,0,0
2023-05-14,Everton,Man City,A,7,9,3,4,12,4,8,6,1,0,0,0
2023-05-14,Arsenal,Brighton,A,14,12,2,6,13,17,5,2,1,2,0,0
2023-05-15,Leicester,Liverpool,A,4,16,4,5,11,17,4,4,2,1,0,0
2023-05-18,Newcastle,Brighton,H,22,8,9,2,17,16,6,1,2,4,0,0
2023-05-20,Bournemouth,Man United,A,10,20,4,5,6,7,3,6,1,0,0,0
2023-05-20,Tottenham,Brentford,A,22,11,8,4,11,9,8,2,1,1,0,0
2023-05-20,Wolves,Everton,D,13,19,5,4,18,10,1,7,5,1,0,0
2023-05-20,Nott'm Forest,Arsenal,H,6,11,2,3,11,12,3,6,3,2,0,0
2023-05-20,Fulham,Crystal Palace,D,11,11,4,5,13,12,7,4,3,0,0,0
2023-05-20,Liverpool,Aston Villa,D,10,6,5,3,16,13,9,4,3,5,0,0
2023-05-21,Man City,Chelsea,H,15,13,2,6,12,9,5,2,0,2,0,0
2023-05-21,Brighton,Southampton,H,26,5,8,1,8,9,4,3,2,5,0,0
2023-05-21,West Ham,Leeds,H,19,12,9,3,6,11,9,5,1,3,0,0
2023-05-22,Newcastle,Leicester,D,23,1,4,1,9,5,12,1,2,0,0,0
2023-05-24,Brighton,Man City,D,20,13,7,4,16,11,5,1,2,1,0,0
2023-05-25,Man United,Chelsea,H,18,14,9,5,12,6,3,4,1,1,0,0
2023-05-28,Leeds,Tottenham,A,19,11,2,7,7,5,12,3,3,0,0,0
2023-05-28,Everton,Bournemouth,H,13,7,6,2,11,12,9,3,1,3,0,0
2023-05-28,Crystal Palace,Nott'm Forest,D,16,7,4,4,9,13,5,4,0,2,0,0
2023-05-28,Chelsea,Newcastle,D,22,13,5,4,9,11,10,3,0,0,0,0
2023-05-28,Man United,Fulham,H,21,10,8,3,14,10,5,4,1,2,0,0
2023-05-28,Aston Villa,Brighton,H,12,8,5,4,15,16,4,3,4,4,0,0
2023-05-28,Arsenal,Wolves,H,14,6,8,0,8,11,8,4,0,0,0,0
2023-05-28,Leicester,West Ham,H,13,16,4,3,8,10,3,5,1,1,0,0
2023-05-28,Southampton,Liverpool,D,15,30,10,8,4,10,2,9,0,2,0,0
2023-05-28,Brentford,Man City,H,11,17,4,3,12,8,3,4,4,0,0,0
2023-08-11,Burnley,Man City,A,6,17,1,8,11,8,6,5,0,0,1,0
2023-08-12,Arsenal,Nott'm Forest,H,15,6,7,2,12,12,8,3,2,2,0,0
2023-08-12,Bournemouth,West Ham,D,14,16,5,3,9,14,10,4,1,4,0,0
2023-08-12,Brighton,Luton,H,27,9,12,3,11,12,6,7,2,2,0,0
2023-08-12,Everton,Fulham,A,19,9,9,2,12,6,10,4,0,2,0,0
2023-08-12,Sheffield United,Crystal Palace,A,8,24,1,8,18,11,5,5,3,0,0,0
2023-08-12,Newcastle,Aston Villa,H,17,16,13,6,12,17,6,5,4,4,0,0
2023-08-13,Brentford,Tottenham,D,11,18,6,6,12,13,3,6,1,4,0,0
2023-08-13,Chelsea,Liverpool,D,10,13,4,1,5,12,4,4,3,3,0,0
2023-08-14,Man United,Wolves,H,15,23,3,6,14,10,8,7,2,3,0,0
2023-08-18,Nott'm Forest,Sheffield United,H,16,7,4,3,5,9,6,7,2,3,0,0
2023-08-19,Man City,Newcastle,H,14,7,4,1,12,11,3,0,1,5,0,0
2023-08-19,Tottenham,Man United,H,17,22,6,6,9,8,5,6,1,3,0,0
2023-08-19,Wolves,Brighton,A,16,16,5,8,14,11,5,3,3,6,1,0
2023-08-19,Fulham,Brentford,A,10,17,2,8,13,12,5,5,2,2,1,0
2023-08-19,Liverpool,Bournemouth,H,26,13,10,5,11,13,10,2,1,3,1,0
2023-08-20,West Ham,Chelsea,H,12,17,6,4,12,9,3,9,2,3,1,0
2023-08-20,Aston Villa,Everton,H,13,9,7,2,8,12,7,6,3,4,0,0
2023-08-21,Crystal Palace,Arsenal,A,14,14,2,3,14,10,1,8,2,1,0,1
2023-08-25,Chelsea,Luton,H,19,11,8,1,15,12,6,4,2,3,0,0
2023-08-26,Everton,Wolves,A,15,11,7,2,10,14,7,0,3,4,0,0
2023-08-26,Brighton,West Ham,A,25,12,10,3,10,9,17,4,1,3,0,0
2023-08-26,Man United,Nott'm Forest,H,18,9,9,4,13,11,11,3,4,4,0,1
2023-08-26,Bournemouth,Tottenham,A,11,17,3,6,18,11,6,2,1,3,0,0
2023-08-26,Arsenal,Fulham,D,19,8,11,3,6,5,8,3,0,3,0,1
2023-08-26,Brentford,Crystal Palace,D,12,15,1,5,9,15,8,6,0,0,0,0
2023-08-27,Burnley,Aston Villa,A,9,16,2,6,12,11,4,6,2,0,0,0
2023-08-27,Sheffield United,Man City,A,6,30,2,9,11,2,1,12,3,0,0,0
2023-08-27,Newcastle,Liverpool,A,23,9,8,4,16,10,5,9,1,2,0,1
2023-09-01,Luton,West Ham,A,16,9,1,3,8,13,9,6,1,1,0,0
2023-09-02,Brentford,Bournemouth,D,21,12,7,5,6,13,5,2,1,2,0,0
2023-09-02,Sheffield United,Everton,D,13,16,8,6,11,13,4,6,1,2,0,0
2023-09-02,Burnley,Tottenham,A,16,20,4,10,15,9,7,4,4,3,0,0
2023-09-02,Chelsea,Nott'm Forest,A,21,7,2,3,10,9,8,0,3,4,0,0
2023-09-02,Man City,Fulham,H,7,6,5,4,12,12,4,5,2,4,0,0
2023-09-02,Brighton,Newcastle,H,15,9,6,2,14,17,5,3,4,4,0,0
2023-09-03,Arsenal,Man United,H,17,10,5,2,8,7,12,3,2,3,0,0
2023-09-03,Crystal Palace,Wolves,H,16,12,11,4,12,12,4,2,1,3,0,0
2023-09-03,Liverpool,Aston Villa,H,17,9,4,3,12,7,7,3,0,1,0,0
2023-09-16,Tottenham,Sheffield United,H,28,7,10,5,13,14,15,2,6,5,0,1
2023-09-16,Man United,Brighton,A,14,10,4,8,8,9,8,1,2,2,0,0
2023-09-16,Fulham,Luton,H,13,7,2,2,6,14,6,2,2,2,0,0
2023-09-16,Newcastle,Brentford,H,9,11,2,2,8,12,8,3,3,5,0,0
2023-09-16,Wolves,Liverpool,A,11,16,2,6,10,4,4,4,1,3,0,0
2023-09-16,West Ham,Man City,A,6,29,3,15,7,11,4,11,3,2,0,0
2023-09-16,Aston Villa,Crystal Palace,H,16,6,5,3,13,9,4,2,5,3,0,0
2023-09-17,Everton,Arsenal,A,8,13,1,4,12,10,1,11,1,1,0,0
2023-09-17,Bournemouth,Chelsea,D,13,14,4,6,15,20,1,7,1,5,0,0
2023-09-18,Nott'm Forest,Burnley,D,14,10,4,3,16,10,5,4,2,3,0,1
2023-09-23,Crystal Palace,Fulham,D,7,10,3,5,10,15,3,2,3,2,0,0
2023-09-23,Luton,Wolves,D,20,3,4,3,12,17,10,1,0,2,0,1
2023-09-23,Man City,Nott'm Forest,H,7,10,4,3,5,17,6,6,3,7,1,0
2023-09-23,Brentford,Everton,A,12,18,2,6,9,12,1,4,2,2,0,0
2023-09-23,Burnley,Man United,A,12,11,4,4,6,12,9,5,1,2,0,0
2023-09-24,Chelsea,Aston Villa,A,10,15,4,7,9,11,5,11,2,3,0,0
2023-09-24,Arsenal,Tottenham,D,13,13,6,5,12,19,11,4,3,4,0,0
2023-09-24,Brighton,Bournemouth,H,13,12,4,4,12,17,4,4,3,3,0,0
2023-09-24,Liverpool,West Ham,H,22,11,7,4,12,13,7,4,0,2,0,0
2023-09-24,Sheffield United,Newcastle,A,9,22,1,15,12,8,2,6,3,0,0,0
2023-09-30,West Ham,Sheffield United,H,20,16,9,2,6,9,7,4,1,1,0,0
2023-09-30,Newcastle,Burnley,H,20,8,8,2,7,15,5,3,1,3,0,0
2023-09-30,Man United,Crystal Palace,A,19,8,4,2,10,8,10,4,3,2,0,0
2023-09-30,Tottenham,Liverpool,H,24,12,8,4,11,17,12,5,5,4,0,2
2023-09-30,Bournemouth,Arsenal,A,8,15,1,8,11,10,6,6,0,1,0,0
2023-09-30,Aston Villa,Brighton,H,19,11,9,3,19,21,1,3,4,4,0,0
2023-09-30,Wolves,Man City,H,3,23,1,8,18,12,0,6,5,4,0,0
2023-09-30,Everton,Luton,A,23,9,5,2,8,10,3,6,0,1,0,0
2023-10-01,Nott'm Forest,Brentford,D,6,18,1,5,6,10,1,11,1,2,1,0
2023-10-02,Fulham,Chelsea,A,10,11,3,4,15,12,8,1,1,4,0,0
2023-10-03,Luton,Burnley,A,18,14,3,4,14,6,7,6,4,2,0,0
2023-10-07,Luton,Tottenham,A,12,15,2,4,16,7,5,6,2,1,0,1
2023-10-07,Burnley,Chelsea,A,10,9,3,5,11,8,7,3,2,4,0,0
2023-10-07,Everton,Bournemouth,H,25,11,8,4,14,15,8,7,1,2,0,0
2023-10-07,Fulham,Sheffield United,H,20,5,6,2,8,10,9,4,1,2,0,0
2023-10-07,Man United,Brentford,H,21,11,8,3,10,17,7,5,0,5,0,0
2023-10-07,Crystal Palace,Nott'm Forest,D,8,16,2,5,7,12,3,7,0,1,0,0
2023-10-08,West Ham,Newcastle,D,5,10,3,3,11,18,4,2,3,3,0,0
2023-10-08,Brighton,Liverpool,D,14,14,3,4,12,20,8,1,1,2,0,0
2023-10-08,Wolves,Aston Villa,D,8,18,3,4,19,9,2,10,2,2,1,0
2023-10-08,Arsenal,Man City,H,12,4,2,1,8,7,5,4,2,3,0,0
2023-10-21,Newcastle,Crystal Palace,H,10,17,7,3,7,12,6,8,2,3,0,0
2023-10-21,Man City,Brighton,H,10,5,6,3,9,11,2,2,2,2,1,0
2023-10-21,Brentford,Burnley,H,23,6,10,1,14,12,5,5,5,2,0,1
2023-10-21,Sheffield United,Man United,A,12,14,6,5,12,10,5,4,3,1,0,0
2023-10-21,Liverpool,Everton,H,26,6,6,1,9,9,12,4,1,1,0,1
2023-10-21,Nott'm Forest,Luton,D,19,13,8,4,12,11,4,2,3,0,0,0
2023-10-21,Bournemouth,Wolves,A,7,20,4,7,15,10,3,12,2,6,1,0
2023-10-21,Chelsea,Arsenal,D,11,13,5,3,7,14,2,7,3,3,0,0
2023-10-22,Aston Villa,West Ham,H,15,14,7,4,9,15,8,7,0,1,0,0
2023-10-23,Tottenham,Fulham,H,15,10,5,3,10,14,3,5,2,0,0,0
2023-10-27,Crystal Palace,Tottenham,A,13,10,3,1,19,11,11,2,2,1,0,0
2023-10-28,Wolves,Newcastle,D,11,13,6,5,13,15,8,7,1,4,0,0
2023-10-28,Arsenal,Sheffield United,H,13,2,8,0,9,13,6,1,0,3,0,0
2023-10-28,Bournemouth,Burnley,H,13,6,6,3,9,12,10,5,2,3,0,0
2023-10-28,Chelsea,Brentford,A,17,7,2,5,12,7,10,1,1,4,0,0
2023-10-29,West Ham,Everton,A,12,10,2,4,7,11,4,3,4,1,0,0
2023-10-29,Aston Villa,Luton,H,17,7,6,1,11,10,6,4,3,2,0,0
2023-10-29,Brighton,Fulham,D,18,10,7,5,12,8,7,3,0,3,0,0
2023-10-29,Liverpool,Nott'm Forest,H,21,9,8,1,9,13,8,3,2,3,0,0
2023-10-29,Man United,Man City,A,7,21,3,10,9,4,7,12,4,1,0,0
2023-11-04,Brentford,West Ham,H,16,12,4,2,12,14,4,3,1,4,0,0
2023-11-04,Fulham,Man United,A,18,12,3,5,9,15,9,4,5,2,0,0
2023-11-04,Burnley,Crystal Palace,A,17,4,5,3,9,12,12,1,0,5,0,0
2023-11-04,Everton,Brighton,D,10,7,4,2,15,5,3,3,4,2,0,0
2023-11-04,Man City,Bournemouth,H,21,5,8,1,8,9,12,1,0,1,0,0
2023-11-04,Sheffield United,Wolves,H,11,10,2,3,13,10,4,4,2,3,0,0
2023-11-04,Newcastle,Arsenal,H,9,14,2,1,14,9,0,11,5,1,0,0
2023-11-05,Nott'm Forest,Aston Villa,H,5,13,3,3,6,9,0,10,1,1,0,0
2023-11-05,Luton,Liverpool,D,8,24,5,6,7,13,4,7,1,1,0,0
2023-11-06,Tottenham,Chelsea,A,8,17,5,8,12,21,1,6,1,5,2,0
2023-11-11,Bournemouth,Newcastle,H,19,8,10,5,10,4,6,5,2,1,0,0
2023-11-11,Crystal Palace,Everton,A,13,8,4,4,9,18,9,2,1,4,0,0
2023-11-11,Man United,Luton,H,15,10,4,4,9,11,11,3,0,2,0,0
2023-11-11,Wolves,Tottenham,H,17,6,4,2,19,15,11,3,4,3,0,0
2023-11-11,Arsenal,Burnley,H,16,8,6,5,8,9,3,3,0,1,1,0
2023-11-12,Aston Villa,Fulham,H,12,9,6,5,4,17,2,2,2,5,0,0
2023-11-12,Brighton,Sheffield United,D,11,9,6,1,13,16,6,3,3,2,1,0
2023-11-12,Liverpool,Brentford,H,17,16,10,3,16,12,6,8,1,2,0,0
2023-11-12,West Ham,Nott'm Forest,H,16,10,6,5,9,12,9,4,2,2,0,0
2023-11-12,Chelsea,Man City,D,17,15,9,10,12,15,3,3,5,3,0,0
2023-11-25,Brentford,Arsenal,A,9,15,3,4,9,7,1,8,1,1,0,0
2023-11-25,Sheffield United,Bournemouth,A,10,23,2,11,6,8,4,7,4,1,0,0
2023-11-25,Nott'm Forest,Brighton,A,18,11,5,5,12,7,6,4,2,4,0,1
2023-11-25,Newcastle,Chelsea,H,14,7,5,4,13,19,4,2,4,4,0,1
2023-11-25,Luton,Crystal Palace,H,8,16,3,8,15,12,4,5,6,1,0,0
2023-11-25,Man City,Liverpool,D,16,8,5,3,9,11,9,6,1,3,0,0
2023-11-25,Burnley,West Ham,A,11,11,5,3,11,7,4,5,1,3,0,0
2023-11-26,Tottenham,Aston Villa,A,18,15,8,5,11,13,9,3,0,4,0,0
2023-11-26,Everton,Man United,A,24,9,6,4,10,8,6,5,3,0,0,0
2023-11-27,Fulham,Wolves,H,12,10,6,6,13,13,6,2,2,2,0,0
2023-12-02,Newcastle,Man United,H,22,8,4,1,6,13,7,3,1,2,0,0
2023-12-02,Burnley,Sheffield United,H,19,6,7,3,9,12,6,1,2,5,0,1
2023-12-02,Arsenal,Wolves,H,19,6,6,3,10,10,4,0,1,2,0,0
2023-12-02,Brentford,Luton,H,27,7,6,1,10,8,7,5,1,2,0,0
2023-12-02,Nott'm Forest,Everton,A,13,12,2,3,15,14,4,3,1,0,0,0
2023-12-03,Man City,Tottenham,D,18,8,4,4,14,14,10,8,4,4,0,0
2023-12-03,West Ham,Crystal Palace,D,9,9,3,2,17,7,2,3,2,0,0,0
2023-12-03,Liverpool,Fulham,H,26,9,12,5,6,7,3,4,0,0,0,0
2023-12-03,Bournemouth,Aston Villa,D,15,11,7,3,16,12,7,7,5,3,0,0
2023-12-03,Chelsea,Brighton,H,8,18,5,9,16,12,5,8,3,5,1,0
2023-12-05,Wolves,Burnley,H,7,12,4,3,11,15,6,8,2,4,0,0
2023-12-05,Luton,Arsenal,A,6,23,4,9,14,7,3,8,2,1,0,0
2023-12-06,Aston Villa,Man City,H,22,2,7,2,13,13,6,0,2,2,0,0
2023-12-06,Man United,Chelsea,H,28,13,9,3,12,12,12,4,4,0,0,0
2023-12-06,Fulham,Nott'm Forest,H,14,4,6,1,7,10,6,1,0,1,0,0
2023-12-06,Sheffield United,Liverpool,A,6,15,1,8,12,8,2,12,2,3,0,0
2023-12-06,Brighton,Brentford,H,18,8,7,2,10,8,7,3,3,1,0,0
2023-12-06,Crystal Palace,Bournemouth,A,16,11,3,4,10,17,3,9,1,3,0,0
2023-12-07,Everton,Newcastle,H,21,13,6,3,18,8,5,2,3,0,0,0
2023-12-07,Tottenham,West Ham,A,23,11,7,5,11,12,8,4,3,3,0,0
2023-12-09,Sheffield United,Brentford,H,9,10,4,4,14,13,3,4,5,1,0,0
2023-12-09,Aston Villa,Arsenal,H,10,12,3,5,16,11,3,3,4,2,0,0
2023-12-09,Crystal Palace,Liverpool,A,8,14,4,2,17,17,6,5,5,2,1,0
2023-12-09,Brighton,Burnley,D,29,6,11,3,5,8,9,1,0,4,0,0
2023-12-09,Man United,Bournemouth,A,20,10,3,4,7,10,10,4,3,1,0,0
2023-12-09,Wolves,Nott'm Forest,D,10,8,4,2,9,11,4,3,0,1,0,0
2023-12-10,Tottenham,Newcastle,H,23,9,12,3,10,12,3,6,1,3,0,0
2023-12-10,Luton,Man City,A,4,18,2,6,16,6,6,3,2,1,0,0
2023-12-10,Fulham,West Ham,H,14,9,8,5,5,10,3,6,2,1,0,0
2023-12-10,Everton,Chelsea,H,9,16,5,4,12,12,4,8,2,2,0,0
2023-12-15,Nott'm Forest,Tottenham,A,15,12,1,6,16,11,6,4,2,4,0,1
2023-12-16,Chelsea,Sheffield United,H,15,6,6,1,9,14,7,6,1,3,0,0
2023-12-16,Man City,Crystal Palace,D,19,5,9,2,12,9,6,1,1,1,0,0
2023-12-16,Newcastle,Fulham,H,27,6,10,4,7,12,5,1,0,2,0,1
2023-12-16,Burnley,Everton,A,14,9,2,6,9,8,8,6,0,1,0,0
2023-12-17,West Ham,Wolves,H,13,14,4,3,12,15,6,6,3,1,0,0
2023-12-17,Brentford,Aston Villa,A,4,15,3,5,19,6,7,12,6,4,1,1
2023-12-17,Liverpool,Man United,D,34,6,8,1,13,8,12,0,2,4,0,1
2023-12-17,Arsenal,Brighton,H,26,6,9,1,11,9,10,1,1,3,0,0
2023-12-21,Crystal Palace,Brighton,D,11,18,3,6,12,11,3,1,5,2,0,0
2023-12-22,Aston Villa,Sheffield United,D,12,5,4,2,11,16,9,1,3,3,0,0
2023-12-23,West Ham,Man United,H,12,11,5,3,13,15,4,4,2,3,0,0
2023-12-23,Fulham,Burnley,A,19,7,5,2,5,17,8,6,2,1,0,0
2023-12-23,Luton,Newcastle,H,16,15,5,2,11,5,6,7,2,1,0,0
2023-12-23,Nott'm Forest,Bournemouth,A,11,18,5,7,10,10,6,6,0,3,1,0
2023-12-23,Tottenham,Everton,H,13,18,6,8,6,18,3,8,1,4,0,0
2023-12-23,Liverpool,Arsenal,D,13,13,3,2,13,14,4,5,2,5,0,0
2023-12-24,Wolves,Chelsea,H,14,16,6,5,11,9,10,6,3,5,0,0
2023-12-26,Sheffield United,Luton,A,21,12,6,4,13,13,9,4,5,0,0,0
2023-12-26,Bournemouth,Fulham,H,16,8,4,3,10,10,6,5,0,2,0,0
2023-12-26,Burnley,Liverpool,A,9,19,0,10,7,10,4,4,2,1,0,0
2023-12-26,Newcastle,Nott'm Forest,A,19,15,7,6,10,11,10,2,3,3,0,0
2023-12-26,Man United,Aston Villa,H,13,10,7,4,10,10,3,6,1,3,0,0
2023-12-27,Chelsea,Crystal Palace,H,9,13,4,5,13,16,4,3,3,2,0,0
2023-12-27,Everton,Man City,A,7,23,2,9,13,5,8,4,4,2,0,0
2023-12-27,Brentford,Wolves,A,14,11,4,5,5,14,8,2,1,1,0,0
2023-12-28,Arsenal,West Ham,A,30,6,8,3,8,8,10,3,2,0,0,0
2023-12-28,Brighton,Tottenham,H,15,19,9,3,18,6,7,6,3,2,0,0
2023-12-30,Crystal Palace,Brentford,H,13,9,6,4,14,10,7,4,0,1,0,0
2023-12-30,Luton,Chelsea,A,15,12,6,8,14,21,7,2,2,2,0,0
2023-12-30,Aston Villa,Burnley,H,19,9,7,5,9,14,6,2,4,1,0,1
2023-12-30,Man City,Sheffield United,H,18,4,4,2,5,6,12,2,1,1,0,0
2023-12-30,Wolves,Everton,H,12,10,6,0,9,14,5,2,2,3,0,0
2023-12-30,Nott'm Forest,Man United,H,8,10,2,5,9,11,4,5,2,4,0,0
2023-12-31,Fulham,Arsenal,H,15,13,4,3,11,10,5,4,4,1,0,0
2023-12-31,Tottenham,Bournemouth,H,12,24,6,4,9,18,4,13,3,3,0,0
2024-01-01,Liverpool,Newcastle,H,34,5,15,3,16,15,7,3,3,5,0,0
2024-01-02,West Ham,Brighton,D,6,22,2,8,4,6,2,0,1,0,0,0
2024-01-12,Burnley,Luton,D,13,14,7,5,7,12,2,8,1,0,0,0
2024-01-13,Chelsea,Fulham,H,17,14,3,4,13,9,6,4,5,1,0,0
2024-01-13,Newcastle,Man City,A,12,27,5,11,7,7,3,13,1,2,0,0
2024-01-14,Man United,Tottenham,D,9,16,2,6,8,5,8,13,2,1,0,0
2024-01-14,Everton,Aston Villa,D,10,16,2,5,13,14,4,5,1,4,0,0
2024-01-20,Arsenal,Crystal Palace,H,21,12,6,5,8,12,6,7,0,0,0,0
2024-01-20,Brentford,Nott'm Forest,H,11,12,5,3,10,14,6,4,1,3,0,0
2024-01-21,Sheffield United,West Ham,D,21,16,6,5,11,10,4,1,3,1,1,1
2024-01-21,Bournemouth,Liverpool,A,11,14,1,7,9,12,8,5,1,2,0,0
2024-01-22,Brighton,Wolves,D,11,8,4,3,10,13,8,2,1,4,0,0
2024-01-30,Aston Villa,Newcastle,A,12,14,6,5,14,12,8,7,4,1,0,0
2024-01-30,Nott'm Forest,Arsenal,A,9,19,3,3,6,7,2,11,0,1,0,0
2024-01-30,Fulham,Everton,D,25,21,6,4,6,13,15,6,1,2,0,0
2024-01-30,Luton,Brighton,H,18,9,8,2,13,14,7,4,2,2,0,0
2024-01-30,Crystal Palace,Sheffield United,H,12,9,4,5,8,18,11,1,1,4,0,0
2024-01-31,Tottenham,Brentford,H,19,9,5,5,13,15,5,3,2,3,0,0
2024-01-31,Liverpool,Chelsea,H,28,4,13,3,15,16,8,1,2,4,0,0
2024-01-31,Man City,Burnley,H,14,8,4,3,3,13,7,3,2,2,0,0
2024-02-01,West Ham,Bournemouth,D,9,9,3,4,13,11,1,5,1,3,0,0
2024-02-01,Wolves,Man United,A,16,21,7,8,10,10,4,5,2,5,0,0
2024-02-03,Everton,Tottenham,D,14,9,5,6,8,14,9,5,3,0,0,0
2024-02-03,Brighton,Crystal Palace,H,13,7,6,5,8,14,3,2,1,3,0,0
2024-02-03,Burnley,Fulham,D,12,15,4,7,11,7,2,13,2,2,0,0
2024-02-03,Newcastle,Luton,D,19,11,6,8,13,16,8,2,2,2,0,0
2024-02-03,Sheffield United,Aston Villa,A,10,14,5,10,10,7,3,4,1,0,0,0
2024-02-04,Arsenal,Liverpool,H,15,10,7,1,11,11,2,4,6,2,0,1
2024-02-04,Bournemouth,Nott'm Forest,D,9,8,2,6,19,12,11,6,3,2,1,0
2024-02-04,Chelsea,Wolves,A,15,14,6,7,15,11,10,1,3,2,0,0
2024-02-04,Man United,West Ham,H,12,22,5,3,10,5,5,8,0,1,0,0
2024-02-05,Brentford,Man City,A,9,25,3,15,2,4,8,13,1,0,0,0
2024-02-10,Man City,Everton,H,19,5,3,1,6,11,9,0,0,2,0,0
2024-02-10,Fulham,Bournemouth,H,7,25,6,4,11,11,1,14,1,2,0,0
2024-02-10,Liverpool,Burnley,H,25,9,10,4,11,13,9,3,3,2,0,0
2024-02-10,Luton,Sheffield United,A,20,7,5,3,7,12,13,1,1,2,0,0
2024-02-10,Tottenham,Brighton,H,16,6,6,3,14,13,9,6,2,3,0,0
2024-02-10,Wolves,Brentford,A,17,9,5,6,11,9,7,4,2,3,0,0
2024-02-10,Nott'm Forest,Newcastle,A,13,7,3,5,9,6,4,4,1,2,0,0
2024-02-11,West Ham,Arsenal,A,5,25,1,12,17,11,2,6,4,0,0,0
2024-02-11,Aston Villa,Man United,A,23,17,10,5,9,7,10,8,3,2,0,0
2024-02-12,Crystal Palace,Chelsea,A,13,14,4,5,14,7,1,7,2,2,0,0
2024-02-17,Tottenham,Wolves,A,15,12,4,7,8,13,10,4,0,1,0,0
2024-02-17,Man City,Chelsea,D,31,9,5,6,7,12,12,1,1,3,0,0
2024-02-17,Nott'm Forest,West Ham,H,19,10,8,3,13,15,5,3,4,4,0,1
2024-02-17,Brentford,Liverpool,A,15,15,6,8,4,18,1,6,2,1,0,0
2024-02-17,Fulham,Aston Villa,A,15,12,4,3,11,6,4,4,5,2,0,0
2024-02-17,Burnley,Arsenal,A,8,16,0,7,11,8,4,6,2,1,0,0
2024-02-17,Newcastle,Bournemouth,D,17,12,5,7,9,22,4,2,1,3,0,0
2024-02-18,Sheffield United,Brighton,A,6,24,1,10,3,5,5,10,1,4,1,0
2024-02-18,Luton,Man United,A,22,21,4,9,7,21,8,6,3,5,0,0
2024-02-19,Everton,Crystal Palace,D,19,10,4,4,8,12,3,6,0,2,0,0
2024-02-20,Man City,Brentford,H,25,6,11,2,12,6,10,1,2,4,0,0
2024-02-21,Liverpool,Luton,H,29,12,13,3,15,14,13,4,1,4,0,0
2024-02-24,Arsenal,Newcastle,H,18,3,8,2,15,6,9,0,1,0,0,0
2024-02-24,Bournemouth,Man City,A,13,15,4,6,14,6,3,8,2,2,0,0
2024-02-24,Man United,Fulham,A,21,17,9,5,6,11,10,9,2,5,0,0
2024-02-24,Brighton,Everton,D,23,6,7,3,9,14,11,3,2,3,1,0
2024-02-24,Aston Villa,Nott'm Forest,H,16,10,6,3,7,16,7,2,1,2,0,0
2024-02-24,Crystal Palace,Burnley,H,15,2,6,0,8,13,12,3,3,1,0,1
2024-02-25,Wolves,Sheffield United,H,13,12,2,4,8,4,5,6,2,1,0,0
2024-02-26,West Ham,Brentford,H,17,14,6,8,5,9,1,7,1,2,0,0
2024-03-02,Nott'm Forest,Liverpool,A,8,22,2,2,11,12,3,12,2,2,0,0
2024-03-02,Tottenham,Crystal Palace,H,14,4,6,1,7,16,11,1,1,2,0,0
2024-03-02,Newcastle,Wolves,H,14,12,7,3,8,11,3,5,0,1,0,0
2024-03-02,Luton,Aston Villa,A,13,12,5,8,8,19,8,6,1,4,0,0
2024-03-02,Everton,West Ham,A,22,12,11,5,9,6,4,5,1,2,0,0
2024-03-02,Brentford,Chelsea,D,14,17,5,6,10,9,0,6,3,1,0,0
2024-03-02,Fulham,Brighton,H,12,15,5,5,16,10,2,6,1,2,0,0
2024-03-03,Burnley,Bournemouth,A,20,10,6,3,8,13,7,2,2,4,0,0
2024-03-03,Man City,Man United,H,27,3,8,1,5,10,15,2,0,1,0,0
2024-03-04,Sheffield United,Arsenal,A,4,22,0,10,11,4,0,7,1,0,0,0
2024-03-09,Man United,Everton,H,15,23,8,6,13,11,5,8,1,2,0,0
2024-03-09,Bournemouth,Sheffield United,D,32,13,12,9,12,11,10,3,3,5,0,0
2024-03-09,Crystal Palace,Luton,D,21,8,4,2,20,11,8,6,2,3,0,0
2024-03-09,Wolves,Fulham,H,8,23,3,6,7,11,3,4,2,2,0,0
2024-03-09,Arsenal,Brentford,H,17,9,6,4,9,10,10,4,2,4,0,0
2024-03-10,Liverpool,Man City,D,19,10,6,6,6,10,7,4,0,3,0,0
2024-03-10,West Ham,Burnley,D,22,11,4,4,11,18,4,4,2,4,0,0
2024-03-10,Brighton,Nott'm Forest,H,10,9,3,4,14,14,6,3,4,4,0,0
2024-03-10,Aston Villa,Tottenham,A,10,9,1,5,11,15,6,4,0,2,1,0
2024-03-11,Chelsea,Newcastle,H,12,11,8,3,12,7,0,4,3,1,0,0
2024-03-13,Bournemouth,Luton,H,24,8,10,4,16,11,11,3,1,2,0,0
2024-03-16,Burnley,Brentford,H,17,9,6,5,14,17,5,4,2,4,0,1
2024-03-16,Luton,Nott'm Forest,D,10,16,4,6,10,17,6,7,1,2,0,0
2024-03-16,Fulham,Tottenham,H,16,14,7,5,9,10,4,5,2,3,0,0
2024-03-17,West Ham,Aston Villa,D,13,13,5,5,13,12,7,11,3,3,0,0
2024-03-30,Tottenham,Luton,H,17,7,4,3,16,14,3,6,2,4,0,0
2024-03-30,Brentford,Man United,D,31,11,5,5,7,14,14,4,2,2,0,0
2024-03-30,Aston Villa,Wolves,H,11,13,5,3,11,19,5,4,3,4,0,0
2024-03-30,Sheffield United,Fulham,D,8,24,4,9,10,13,2,15,4,1,0,0
2024-03-30,Chelsea,Burnley,D,33,18,13,7,12,7,12,4,2,2,0,1
2024-03-30,Nott'm Forest,Crystal Palace,D,12,10,5,3,14,12,4,6,1,1,0,0
2024-03-30,Bournemouth,Everton,H,11,7,4,3,14,11,9,8,1,2,0,0
2024-03-30,Newcastle,West Ham,H,24,10,9,4,9,8,3,4,1,1,1,0
2024-03-31,Liverpool,Brighton,H,30,9,8,3,20,6,8,4,5,3,0,0
2024-03-31,Man City,Arsenal,D,12,6,1,2,9,20,7,4,0,2,0,0
2024-04-02,West Ham,Tottenham,D,11,13,4,4,13,9,9,5,1,4,0,0
2024-04-02,Bournemouth,Crystal Palace,H,11,3,6,2,13,14,9,2,3,2,0,0
2024-04-02,Burnley,Wolves,D,13,8,6,2,10,12,7,4,0,2,0,0
2024-04-02,Newcastle,Everton,D,18,10,6,3,9,14,7,3,0,3,0,0
2024-04-02,Nott'm Forest,Fulham,H,16,18,4,3,7,8,3,8,0,0,0,0
2024-04-03,Arsenal,Luton,H,13,5,4,1,12,8,3,1,1,1,0,0
2024-04-03,Brentford,Brighton,D,5,24,2,6,9,12,1,5,1,1,0,0
2024-04-03,Man City,Aston Villa,H,25,8,11,3,6,13,2,3,1,2,0,0
2024-04-04,Liverpool,Sheffield United,H,29,8,9,3,6,9,13,1,0,1,0,0
2024-04-04,Chelsea,Man United,H,28,19,10,5,7,15,12,3,3,0,0,0
2024-04-06,Luton,Bournemouth,H,19,8,9,1,7,14,7,2,0,0,0,0
2024-04-06,Wolves,West Ham,A,14,11,7,4,15,7,4,4,5,2,0,0
2024-04-06,Fulham,Newcastle,A,14,12,4,5,10,13,14,3,1,2,0,0
2024-04-06,Brighton,Arsenal,A,10,20,2,7,14,13,8,7,1,2,0,0
2024-04-06,Aston Villa,Brentford,D,11,8,3,3,15,11,11,3,2,2,0,0
2024-04-06,Crystal Palace,Man City,A,7,18,4,8,13,3,2,9,1,1,0,0
2024-04-06,Everton,Burnley,H,12,6,3,1,11,13,3,5,2,1,0,1
2024-04-07,Man United,Liverpool,D,9,28,5,7,9,10,6,11,5,2,0,0
2024-04-07,Sheffield United,Chelsea,D,11,6,6,3,12,10,7,6,4,2,0,0
2024-04-07,Tottenham,Nott'm Forest,H,17,13,7,6,11,12,12,2,2,3,0,0
2024-04-13,Newcastle,Tottenham,H,18,11,5,2,14,12,16,3,0,4,0,0
2024-04-13,Brentford,Sheffield United,H,9,8,5,2,8,11,3,6,3,1,0,0
2024-04-13,Burnley,Brighton,D,11,20,3,8,18,8,4,5,1,2,0,0
2024-04-13,Man City,Luton,H,33,4,13,2,7,6,12,1,1,0,0,0
2024-04-13,Nott'm Forest,Wolves,D,18,11,9,4,15,10,10,1,2,3,0,0
2024-04-13,Bournemouth,Man United,D,20,8,5,2,13,14,7,2,4,0,0,0
2024-04-14,Arsenal,Aston Villa,A,18,11,4,2,12,7,4,6,3,1,0,0
2024-04-14,Liverpool,Crystal Palace,A,21,8,6,5,10,10,11,1,1,1,0,0
2024-04-14,West Ham,Fulham,A,15,18,4,10,6,13,8,3,1,2,0,0
2024-04-15,Chelsea,Everton,H,14,10,10,2,5,21,4,8,1,4,0,0
2024-04-20,Luton,Brentford,A,6,21,3,9,13,9,4,9,1,2,0,0
2024-04-20,Sheffield United,Burnley,A,18,16,11,9,10,9,11,2,1,0,0,0
2024-04-20,Wolves,Arsenal,A,5,24,3,9,14,9,1,2,3,2,0,0
2024-04-21,Everton,Nott'm Forest,H,7,8,4,3,15,9,6,4,3,2,0,0
2024-04-21,Aston Villa,Bournemouth,H,14,14,4,6,8,14,8,4,1,3,0,0
2024-04-21,Crystal Palace,West Ham,H,18,4,7,1,9,9,4,0,3,2,0,0
2024-04-21,Fulham,Liverpool,A,12,14,5,7,5,11,1,4,3,0,0,0
2024-04-23,Arsenal,Chelsea,H,27,7,10,1,12,11,4,2,2,2,0,0
2024-04-24,Man United,Sheffield United,H,25,10,13,4,7,9,9,4,0,1,0,0
2024-04-24,Everton,Liverpool,H,16,23,6,7,6,13,4,13,0,3,0,0
2024-04-24,Wolves,Bournemouth,A,15,21,4,6,10,17,8,12,4,1,0,1
2024-04-24,Crystal Palace,Newcastle,H,20,7,7,2,10,15,7,2,3,3,0,0
2024-04-25,Brighton,Man City,A,7,14,3,6,10,3,4,4,2,0,0,0
2024-04-27,West Ham,Liverpool,D,11,28,8,8,8,10,5,8,0,2,0,0
2024-04-27,Fulham,Crystal Palace,D,9,14,2,4,11,15,5,9,0,2,0,0
2024-04-27,Man United,Burnley,D,27,16,10,7,7,11,6,5,1,3,0,0
2024-04-27,Newcastle,Sheffield United,H,20,15,7,5,9,10,4,5,0,0,0,0
2024-04-27,Wolves,Luton,H,13,9,5,6,14,14,4,4,3,1,0,0
2024-04-27,Everton,Brentford,H,18,10,1,4,10,12,6,6,1,2,0,0
2024-04-27,Aston Villa,Chelsea,D,9,21,4,5,13,14,2,4,3,5,0,0
2024-04-28,Nott'm Forest,Man City,A,14,11,2,5,8,6,4,5,0,0,0,0
2024-04-28,Tottenham,Arsenal,A,14,9,2,3,12,16,8,6,2,1,0,0
2024-04-28,Bournemouth,Brighton,H,15,13,6,1,14,10,8,2,2,2,0,0
2024-05-02,Chelsea,Tottenham,H,16,19,5,3,12,16,4,9,0,1,0,0
2024-05-03,Luton,Everton,D,18,10,5,3,14,12,8,7,1,3,0,0
2024-05-04,Man City,Wolves,H,20,2,12,1,4,17,6,0,0,4,0,0
2024-05-04,Arsenal,Bournemouth,H,25,7,9,2,16,12,6,1,2,3,0,0
2024-05-04,Brentford,Fulham,D,7,15,3,3,3,6,7,6,1,1,0,0
2024-05-04,Burnley,Newcastle,A,17,23,5,11,8,8,4,11,2,2,0,0
2024-05-04,Sheffield United,Nott'm Forest,A,17,15,5,4,9,7,5,3,0,1,1,0
2024-05-05,Liverpool,Tottenham,H,25,11,13,6,14,12,8,3,1,4,0,0
2024-05-05,Brighton,Aston Villa,H,15,2,8,1,13,10,7,3,2,1,0,0
2024-05-05,Chelsea,West Ham,H,25,13,14,2,12,10,8,6,1,3,0,0
2024-05-06,Crystal Palace,Man United,H,18,7,10,2,12,8,6,3,1,1,0,0
2024-05-11,Nott'm Forest,Chelsea,A,20,12,4,5,14,8,5,6,2,3,0,0
2024-05-11,Fulham,Man City,A,1,16,1,9,9,6,1,7,1,0,1,0
2024-05-11,Bournemouth,Brentford,A,13,11,4,5,16,12,3,8,2,2,0,0
2024-05-11,Everton,Sheffield United,H,15,13,6,1,6,11,3,6,1,2,0,0
2024-05-11,Newcastle,Brighton,D,18,15,7,4,9,16,8,4,3,4,0,0
2024-05-11,Tottenham,Burnley,H,21,7,9,3,10,14,9,3,3,5,0,0
2024-05-11,West Ham,Luton,H,24,4,8,1,9,15,7,6,1,3,0,0
2024-05-11,Wolves,Crystal Palace,A,13,13,7,3,13,12,8,3,3,2,0,1
2024-05-12,Man United,Arsenal,A,14,11,2,5,5,6,4,7,0,2,0,0
2024-05-13,Aston Villa,Liverpool,D,19,14,5,7,11,15,5,4,1,1,0,0
2024-05-14,Tottenham,Man City,A,10,8,5,5,14,11,7,4,3,3,0,0
2024-05-15,Brighton,Chelsea,A,12,13,2,6,13,14,4,6,2,2,0,1
2024-05-15,Man United,Newcastle,H,17,21,8,8,16,7,9,9,3,3,0,0
2024-05-19,Liverpool,Wolves,H,36,4,14,3,14,11,10,2,1,1,0,1
2024-05-19,Crystal Palace,Aston Villa,H,15,8,9,2,10,8,2,4,1,4,0,0
2024-05-19,Luton,Fulham,A,15,15,6,7,15,20,4,4,5,4,0,0
2024-05-19,Chelsea,Bournemouth,H,16,22,6,5,5,9,6,5,2,3,0,0
2024-05-19,Sheffield United,Tottenham,A,6,18,1,9,11,9,2,6,2,0,0,0
2024-05-19,Brighton,Man United,A,17,11,3,4,10,9,7,5,1,3,0,0
2024-05-19,Brentford,Newcastle,A,10,12,5,7,15,11,3,0,4,4,0,0
2024-05-19,Arsenal,Everton,H,26,5,5,2,8,11,8,1,4,3,0,0
2024-05-19,Burnley,Nott'm Forest,A,20,12,3,6,11,5,4,3,1,0,0,0
2024-05-19,Man City,West Ham,H,28,3,12,2,3,12,11,2,0,1,0,0
